career_name,category,description,required_skills
Game Developer,Tech,A role as a Game Developer focusing on core responsibilities and industry demands.,"Blockchain, Flask, History, HTML"
Cybersecurity Analyst,Tech,A role as a Cybersecurity Analyst focusing on core responsibilities and industry demands.,"Machine Learning, Python, Cybersecurity, Algorithms, Deep Learning, Current Affairs"
Technical Writer,Content,A role as a Technical Writer focusing on core responsibilities and industry demands.,"Deep Learning, Linux, Git, Python, Computer Vision, Cloud"
Backend Developer,Tech,A role as a Backend Developer focusing on core responsibilities and industry demands.,"JavaScript, Blockchain, Algorithms, Deep Learning"
Technical Writer,Content,A role as a Technical Writer focusing on core responsibilities and industry demands.,"Cloud, Teamwork, Python, SQL"
Cybersecurity Analyst,Tech,A role as a Cybersecurity Analyst focusing on core responsibilities and industry demands.,"Computer Vision, Cybersecurity, REST APIs, Deep Learning, Polity, Current Affairs"
Product Manager,Management,A role as a Product Manager focusing on core responsibilities and industry demands.,"HTML, Data Structures, Ethics, Computer Vision, Java"
GRE Aspirant,Exam,A role as a GRE Aspirant focusing on core responsibilities and industry demands.,"Python, Java, Teamwork, Node.js"
GATE Aspirant,Exam,A role as a GATE Aspirant focusing on core responsibilities and industry demands.,"Cybersecurity, Polity, Linux, Teamwork, React, Machine Learning, Data Structures"
Cloud Architect,Tech,A role as a Cloud Architect focusing on core responsibilities and industry demands.,"React, HTML, Blockchain, Polity"
GRE Aspirant,Exam,A role as a GRE Aspirant focusing on core responsibilities and industry demands.,"Machine Learning, Django, Python, NLP, History, Computer Vision, Leadership"
AI Engineer,Tech,A role as a AI Engineer focusing on core responsibilities and industry demands.,"HTML, React, Node.js, Git, Blockchain, SQL, Statistics"
Frontend Developer,Tech,A role as a Frontend Developer focusing on core responsibilities and industry demands.,"Java, Git, Python, Computer Vision, Node.js"
Research Scholar,Academics,A role as a Research Scholar focusing on core responsibilities and industry demands.,"History, Cloud, Teamwork, NLP"
Blockchain Developer,Tech,A role as a Blockchain Developer focusing on core responsibilities and industry demands.,"Flask, Computer Vision, React, Communication, SQL, Node.js"
Blockchain Developer,Tech,A role as a Blockchain Developer focusing on core responsibilities and industry demands.,"Machine Learning, Python, Linux, Leadership, Flask, Ethics"
Civil Services,Government,A role as a Civil Services focusing on core responsibilities and industry demands.,"Ethics, Critical Thinking, Git, Machine Learning"
Frontend Developer,Tech,A role as a Frontend Developer focusing on core responsibilities and industry demands.,"Cybersecurity, Deep Learning, Polity, Computer Vision, NLP, Teamwork"
Cloud Architect,Tech,A role as a Cloud Architect focusing on core responsibilities and industry demands.,"Java, Teamwork, CSS, Node.js, Django, HTML, Deep Learning"
Civil Services,Government,A role as a Civil Services focusing on core responsibilities and industry demands.,"SQL, Blockchain, Cybersecurity, Cloud, Ethics"
Backend Developer,Tech,A role as a Backend Developer focusing on core responsibilities and industry demands.,"Python, Statistics, Current Affairs, Communication, Leadership, Cloud, Node.js"
Frontend Developer,Tech,A role as a Frontend Developer focusing on core responsibilities and industry demands.,"Node.js, Algorithms, REST APIs, Leadership, Cybersecurity, History, Statistics"
Product Manager,Management,A role as a Product Manager focusing on core responsibilities and industry demands.,"Java, Python, Ethics, History, Node.js, Flask, Cybersecurity"
Bank PO,Government,A role as a Bank PO focusing on core responsibilities and industry demands.,"Linux, React, Algorithms, Git, HTML, CSS"
Technical Writer,Content,A role as a Technical Writer focusing on core responsibilities and industry demands.,"Computer Vision, REST APIs, Linux, Cybersecurity"
AI Engineer,Tech,A role as a AI Engineer focusing on core responsibilities and industry demands.,"Django, Python, Cybersecurity, HTML, Machine Learning"
Research Scholar,Academics,A role as a Research Scholar focusing on core responsibilities and industry demands.,"SQL, Computer Vision, CSS, Git, Current Affairs, Flask"
GATE Aspirant,Exam,A role as a GATE Aspirant focusing on core responsibilities and industry demands.,"Teamwork, CSS, Linux, Critical Thinking, Machine Learning"
Game Developer,Tech,A role as a Game Developer focusing on core responsibilities and industry demands.,"Node.js, Critical Thinking, Python, JavaScript"
AI Engineer,Tech,A role as a AI Engineer focusing on core responsibilities and industry demands.,"Cloud, Communication, Machine Learning, Polity, Leadership, History"
Cybersecurity Analyst,Tech,A role as a Cybersecurity Analyst focusing on core responsibilities and industry demands.,"Computer Vision, Cybersecurity, Django, Ethics, Leadership, NLP, Current Affairs"
Technical Writer,Content,A role as a Technical Writer focusing on core responsibilities and industry demands.,"JavaScript, Current Affairs, Node.js, Critical Thinking, REST APIs"
ML Engineer,Tech,A role as a ML Engineer focusing on core responsibilities and industry demands.,"Java, CSS, NLP, Django, Git, Communication"
Product Manager,Management,A role as a Product Manager focusing on core responsibilities and industry demands.,"Django, Algorithms, REST APIs, Current Affairs, Flask, C++, React"
Backend Developer,Tech,A role as a Backend Developer focusing on core responsibilities and industry demands.,"Teamwork, Flask, Ethics, C++, Node.js, Blockchain"
Bank PO,Government,A role as a Bank PO focusing on core responsibilities and industry demands.,"Current Affairs, Java, Cloud, Communication, Machine Learning, Git"
Game Developer,Tech,A role as a Game Developer focusing on core responsibilities and industry demands.,"Polity, Critical Thinking, Blockchain, Deep Learning, REST APIs"
Backend Developer,Tech,A role as a Backend Developer focusing on core responsibilities and industry demands.,"Statistics, History, Git, Cybersecurity, Machine Learning"
Cloud Architect,Tech,A role as a Cloud Architect focusing on core responsibilities and industry demands.,"C++, Java, NLP, Polity, Computer Vision, Node.js, Algorithms"
Backend Developer,Tech,A role as a Backend Developer focusing on core responsibilities and industry demands.,"Cloud, Django, SQL, Blockchain, Git"
Product Manager,Management,A role as a Product Manager focusing on core responsibilities and industry demands.,"REST APIs, Current Affairs, Linux, Cloud, Data Structures"
Bank PO,Government,A role as a Bank PO focusing on core responsibilities and industry demands.,"Java, Critical Thinking, Machine Learning, Polity, NLP, Django"
Full Stack Developer,Tech,A role as a Full Stack Developer focusing on core responsibilities and industry demands.,"Algorithms, Django, HTML, Communication, SQL, Critical Thinking, Cloud"
Data Scientist,Tech,A role as a Data Scientist focusing on core responsibilities and industry demands.,"HTML, C++, Ethics, Current Affairs, Flask, Leadership, Python"
Technical Writer,Content,A role as a Technical Writer focusing on core responsibilities and industry demands.,"NLP, Current Affairs, Cybersecurity, SQL, REST APIs, Communication"
ML Engineer,Tech,A role as a ML Engineer focusing on core responsibilities and industry demands.,"Cybersecurity, Critical Thinking, Django, Python, CSS, Polity, Linux"
Data Scientist,Tech,A role as a Data Scientist focusing on core responsibilities and industry demands.,"Leadership, HTML, Current Affairs, Flask"
Frontend Developer,Tech,A role as a Frontend Developer focusing on core responsibilities and industry demands.,"C++, Java, History, Computer Vision, Blockchain, Ethics, Cloud"
GRE Aspirant,Exam,A role as a GRE Aspirant focusing on core responsibilities and industry demands.,"CSS, Java, Communication, Teamwork"
ML Engineer,Tech,A role as a ML Engineer focusing on core responsibilities and industry demands.,"REST APIs, C++, Linux, Critical Thinking, Machine Learning, JavaScript, React"
Full Stack Developer,Tech,A role as a Full Stack Developer focusing on core responsibilities and industry demands.,"Polity, Computer Vision, Algorithms, React, Git"
Blockchain Developer,Tech,A role as a Blockchain Developer focusing on core responsibilities and industry demands.,"Algorithms, Cloud, Python, Machine Learning, Leadership"
UI/UX Designer,Design,A role as a UI/UX Designer focusing on core responsibilities and industry demands.,"SQL, Polity, HTML, Cloud"
Cybersecurity Analyst,Tech,A role as a Cybersecurity Analyst focusing on core responsibilities and industry demands.,"Communication, Ethics, JavaScript, NLP, CSS, Leadership"
Data Scientist,Tech,A role as a Data Scientist focusing on core responsibilities and industry demands.,"Java, C++, Deep Learning, HTML, JavaScript, Polity"
Full Stack Developer,Tech,A role as a Full Stack Developer focusing on core responsibilities and industry demands.,"Deep Learning, Git, Machine Learning, Cloud, Teamwork"
ML Engineer,Tech,A role as a ML Engineer focusing on core responsibilities and industry demands.,"Teamwork, CSS, Blockchain, HTML, React, Statistics"
Civil Services,Government,A role as a Civil Services focusing on core responsibilities and industry demands.,"React, History, Python, Node.js"
ML Engineer,Tech,A role as a ML Engineer focusing on core responsibilities and industry demands.,"JavaScript, Communication, Current Affairs, Data Structures, NLP, Algorithms"
Blockchain Developer,Tech,A role as a Blockchain Developer focusing on core responsibilities and industry demands.,"Communication, Current Affairs, C++, HTML, Node.js, React"
Game Developer,Tech,A role as a Game Developer focusing on core responsibilities and industry demands.,"HTML, Java, SQL, Machine Learning, C++"
Product Manager,Management,A role as a Product Manager focusing on core responsibilities and industry demands.,"Ethics, React, Node.js, Linux, Data Structures, Critical Thinking"
Research Scholar,Academics,A role as a Research Scholar focusing on core responsibilities and industry demands.,"NLP, Computer Vision, HTML, Ethics, CSS, REST APIs, Flask"
ML Engineer,Tech,A role as a ML Engineer focusing on core responsibilities and industry demands.,"Leadership, Communication, Python, Java"
Cybersecurity Analyst,Tech,A role as a Cybersecurity Analyst focusing on core responsibilities and industry demands.,"Git, Polity, Linux, Statistics, HTML"
Bank PO,Government,A role as a Bank PO focusing on core responsibilities and industry demands.,"Communication, Machine Learning, Ethics, Blockchain, HTML, Java, JavaScript"
Full Stack Developer,Tech,A role as a Full Stack Developer focusing on core responsibilities and industry demands.,"Critical Thinking, Communication, Ethics, Java, Node.js, Polity"
Cloud Architect,Tech,A role as a Cloud Architect focusing on core responsibilities and industry demands.,"Java, Node.js, History, C++, Data Structures, Teamwork, Deep Learning"
GRE Aspirant,Exam,A role as a GRE Aspirant focusing on core responsibilities and industry demands.,"Deep Learning, HTML, Git, Node.js"
Cloud Architect,Tech,A role as a Cloud Architect focusing on core responsibilities and industry demands.,"Leadership, CSS, Blockchain, Polity, Algorithms, Communication, Java"
Cloud Architect,Tech,A role as a Cloud Architect focusing on core responsibilities and industry demands.,"Cybersecurity, Flask, Deep Learning, Critical Thinking, Teamwork, Java, Communication"
Cloud Architect,Tech,A role as a Cloud Architect focusing on core responsibilities and industry demands.,"Leadership, Cloud, Computer Vision, JavaScript, Blockchain"
ML Engineer,Tech,A role as a ML Engineer focusing on core responsibilities and industry demands.,"History, Machine Learning, JavaScript, C++"
Blockchain Developer,Tech,A role as a Blockchain Developer focusing on core responsibilities and industry demands.,"Blockchain, Machine Learning, CSS, Statistics"
Software Tester,Tech,A role as a Software Tester focusing on core responsibilities and industry demands.,"SQL, Blockchain, Python, Computer Vision"
GATE Aspirant,Exam,A role as a GATE Aspirant focusing on core responsibilities and industry demands.,"Cybersecurity, Teamwork, Linux, Django, Machine Learning"
Game Developer,Tech,A role as a Game Developer focusing on core responsibilities and industry demands.,"Deep Learning, Cloud, Machine Learning, Data Structures, Flask"
Software Tester,Tech,A role as a Software Tester focusing on core responsibilities and industry demands.,"CSS, HTML, Critical Thinking, Polity, Django, History, Node.js"
UI/UX Designer,Design,A role as a UI/UX Designer focusing on core responsibilities and industry demands.,"Leadership, REST APIs, Critical Thinking, Ethics"
Technical Writer,Content,A role as a Technical Writer focusing on core responsibilities and industry demands.,"Teamwork, Python, Current Affairs, Cloud, Polity, REST APIs, Communication"
Product Manager,Management,A role as a Product Manager focusing on core responsibilities and industry demands.,"Leadership, Polity, Ethics, Communication, Flask, Current Affairs, React"
Technical Writer,Content,A role as a Technical Writer focusing on core responsibilities and industry demands.,"Data Structures, HTML, Critical Thinking, Python, NLP, Communication, Current Affairs"
Software Tester,Tech,A role as a Software Tester focusing on core responsibilities and industry demands.,"Deep Learning, Statistics, Ethics, Node.js, Linux, SQL, NLP"
Product Manager,Management,A role as a Product Manager focusing on core responsibilities and industry demands.,"Python, Communication, History, Computer Vision, Polity, Statistics, JavaScript"
Product Manager,Management,A role as a Product Manager focusing on core responsibilities and industry demands.,"Data Structures, Java, React, Node.js, Critical Thinking, Teamwork"
Blockchain Developer,Tech,A role as a Blockchain Developer focusing on core responsibilities and industry demands.,"HTML, Current Affairs, Data Structures, Java"
Cloud Architect,Tech,A role as a Cloud Architect focusing on core responsibilities and industry demands.,"Cloud, Machine Learning, Python, HTML, Cybersecurity, Data Structures, Polity"
Full Stack Developer,Tech,A role as a Full Stack Developer focusing on core responsibilities and industry demands.,"Deep Learning, Data Structures, Machine Learning, Computer Vision, Algorithms, Teamwork"
Full Stack Developer,Tech,A role as a Full Stack Developer focusing on core responsibilities and industry demands.,"Algorithms, Communication, Node.js, Ethics, Blockchain, Data Structures"
GATE Aspirant,Exam,A role as a GATE Aspirant focusing on core responsibilities and industry demands.,"Algorithms, Cybersecurity, Git, Deep Learning"
UI/UX Designer,Design,A role as a UI/UX Designer focusing on core responsibilities and industry demands.,"Machine Learning, Communication, CSS, Git, Critical Thinking, Data Structures"
Data Scientist,Tech,A role as a Data Scientist focusing on core responsibilities and industry demands.,"History, Deep Learning, Communication, Data Structures, Teamwork, HTML"
GRE Aspirant,Exam,A role as a GRE Aspirant focusing on core responsibilities and industry demands.,"REST APIs, Ethics, Flask, Blockchain"
Civil Services,Government,A role as a Civil Services focusing on core responsibilities and industry demands.,"Node.js, Data Structures, History, Deep Learning, Blockchain, Statistics, CSS"
UI/UX Designer,Design,A role as a UI/UX Designer focusing on core responsibilities and industry demands.,"Deep Learning, Machine Learning, Leadership, Polity, HTML, Django, Cybersecurity"
Data Scientist,Tech,A role as a Data Scientist focusing on core responsibilities and industry demands.,"Communication, Flask, Machine Learning, HTML"
Civil Services,Government,A role as a Civil Services focusing on core responsibilities and industry demands.,"React, Deep Learning, Teamwork, Cybersecurity, Ethics"
Blockchain Developer,Tech,A role as a Blockchain Developer focusing on core responsibilities and industry demands.,"Java, HTML, Python, Blockchain"
Research Scholar,Academics,A role as a Research Scholar focusing on core responsibilities and industry demands.,"Data Structures, Statistics, Ethics, Polity, Cloud"
GRE Aspirant,Exam,A role as a GRE Aspirant focusing on core responsibilities and industry demands.,"Communication, Data Structures, CSS, C++"
Game Developer,Tech,A role as a Game Developer focusing on core responsibilities and industry demands.,"Linux, Flask, SQL, Machine Learning, HTML, Data Structures"
Research Scholar,Academics,A role as a Research Scholar focusing on core responsibilities and industry demands.,"JavaScript, REST APIs, Ethics, Statistics, Algorithms, Java"
AI Engineer,Tech,A role as a AI Engineer focusing on core responsibilities and industry demands.,"Critical Thinking, Python, Linux, Machine Learning, HTML"
Cybersecurity Analyst,Tech,A role as a Cybersecurity Analyst focusing on core responsibilities and industry demands.,"Machine Learning, SQL, HTML, Node.js"
DevOps Engineer,Tech,A role as a DevOps Engineer focusing on core responsibilities and industry demands.,"HTML, JavaScript, Critical Thinking, History, Cloud, CSS"
Blockchain Developer,Tech,A role as a Blockchain Developer focusing on core responsibilities and industry demands.,"Machine Learning, History, React, Blockchain, Git, Cybersecurity, Flask"
AI Engineer,Tech,A role as a AI Engineer focusing on core responsibilities and industry demands.,"Ethics, Polity, CSS, Communication, History, Cloud"
Blockchain Developer,Tech,A role as a Blockchain Developer focusing on core responsibilities and industry demands.,"Python, SQL, Deep Learning, C++, REST APIs, HTML, Current Affairs"
Civil Services,Government,A role as a Civil Services focusing on core responsibilities and industry demands.,"CSS, Deep Learning, Flask, C++, Java"
Data Scientist,Tech,A role as a Data Scientist focusing on core responsibilities and industry demands.,"Data Structures, History, Algorithms, Critical Thinking, SQL, JavaScript, Python"
UI/UX Designer,Design,A role as a UI/UX Designer focusing on core responsibilities and industry demands.,"SQL, Ethics, Teamwork, HTML, REST APIs"
Cybersecurity Analyst,Tech,A role as a Cybersecurity Analyst focusing on core responsibilities and industry demands.,"Cloud, REST APIs, Flask, HTML, Data Structures, Critical Thinking, Statistics"
Data Scientist,Tech,A role as a Data Scientist focusing on core responsibilities and industry demands.,"Teamwork, Python, HTML, Cloud, Cybersecurity, Django, Critical Thinking"
Research Scholar,Academics,A role as a Research Scholar focusing on core responsibilities and industry demands.,"Critical Thinking, Git, SQL, Cloud, Data Structures, Flask"
GATE Aspirant,Exam,A role as a GATE Aspirant focusing on core responsibilities and industry demands.,"Java, Communication, Algorithms, Polity, Flask, Computer Vision"
GRE Aspirant,Exam,A role as a GRE Aspirant focusing on core responsibilities and industry demands.,"Deep Learning, SQL, Cloud, NLP"
Full Stack Developer,Tech,A role as a Full Stack Developer focusing on core responsibilities and industry demands.,"CSS, History, Blockchain, Flask, Node.js, Python"
Bank PO,Government,A role as a Bank PO focusing on core responsibilities and industry demands.,"C++, Data Structures, Cloud, Current Affairs, Linux, CSS"
Full Stack Developer,Tech,A role as a Full Stack Developer focusing on core responsibilities and industry demands.,"Java, Statistics, Teamwork, Django, SQL"
Game Developer,Tech,A role as a Game Developer focusing on core responsibilities and industry demands.,"Critical Thinking, Python, Ethics, REST APIs, Machine Learning, Communication, History"
GATE Aspirant,Exam,A role as a GATE Aspirant focusing on core responsibilities and industry demands.,"SQL, Blockchain, Computer Vision, Flask, Java"
AI Engineer,Tech,A role as a AI Engineer focusing on core responsibilities and industry demands.,"Statistics, Machine Learning, History, Computer Vision, Java"
Software Tester,Tech,A role as a Software Tester focusing on core responsibilities and industry demands.,"Current Affairs, C++, HTML, JavaScript"
Frontend Developer,Tech,A role as a Frontend Developer focusing on core responsibilities and industry demands.,"JavaScript, Polity, Machine Learning, React"
ML Engineer,Tech,A role as a ML Engineer focusing on core responsibilities and industry demands.,"Current Affairs, REST APIs, Linux, Java, Data Structures"
AI Engineer,Tech,A role as a AI Engineer focusing on core responsibilities and industry demands.,"React, Critical Thinking, Communication, Cloud"
Software Tester,Tech,A role as a Software Tester focusing on core responsibilities and industry demands.,"Python, Blockchain, Django, Ethics, Polity, Cloud"
AI Engineer,Tech,A role as a AI Engineer focusing on core responsibilities and industry demands.,"JavaScript, Algorithms, React, Cloud, Current Affairs, Python, Teamwork"
Frontend Developer,Tech,A role as a Frontend Developer focusing on core responsibilities and industry demands.,"Deep Learning, Git, History, Data Structures"
GRE Aspirant,Exam,A role as a GRE Aspirant focusing on core responsibilities and industry demands.,"Python, CSS, Critical Thinking, Flask, Django, Java, History"
DevOps Engineer,Tech,A role as a DevOps Engineer focusing on core responsibilities and industry demands.,"Critical Thinking, HTML, Deep Learning, Data Structures, SQL"
Research Scholar,Academics,A role as a Research Scholar focusing on core responsibilities and industry demands.,"Algorithms, C++, Statistics, Python, Deep Learning"
Software Tester,Tech,A role as a Software Tester focusing on core responsibilities and industry demands.,"Computer Vision, Cybersecurity, Leadership, SQL, Ethics, CSS, REST APIs"
GATE Aspirant,Exam,A role as a GATE Aspirant focusing on core responsibilities and industry demands.,"Django, C++, Ethics, Algorithms"
GATE Aspirant,Exam,A role as a GATE Aspirant focusing on core responsibilities and industry demands.,"Linux, Teamwork, Git, Statistics, Leadership, Deep Learning"
Data Scientist,Tech,A role as a Data Scientist focusing on core responsibilities and industry demands.,"HTML, Java, Deep Learning, NLP"
Bank PO,Government,A role as a Bank PO focusing on core responsibilities and industry demands.,"Node.js, HTML, Communication, Deep Learning, Polity"
Full Stack Developer,Tech,A role as a Full Stack Developer focusing on core responsibilities and industry demands.,"Ethics, Linux, React, Machine Learning, Cloud, Flask, Critical Thinking"
Bank PO,Government,A role as a Bank PO focusing on core responsibilities and industry demands.,"Critical Thinking, Flask, C++, Current Affairs, Linux, Node.js"
Civil Services,Government,A role as a Civil Services focusing on core responsibilities and industry demands.,"Blockchain, Git, CSS, React"
Civil Services,Government,A role as a Civil Services focusing on core responsibilities and industry demands.,"NLP, SQL, Algorithms, Cybersecurity, Deep Learning, Python, Leadership"
Technical Writer,Content,A role as a Technical Writer focusing on core responsibilities and industry demands.,"History, JavaScript, REST APIs, Polity, Cloud"
Data Scientist,Tech,A role as a Data Scientist focusing on core responsibilities and industry demands.,"Linux, Communication, Ethics, Machine Learning, HTML, NLP"
DevOps Engineer,Tech,A role as a DevOps Engineer focusing on core responsibilities and industry demands.,"Node.js, Computer Vision, Django, C++, Linux, Algorithms, Cybersecurity"
Technical Writer,Content,A role as a Technical Writer focusing on core responsibilities and industry demands.,"Blockchain, C++, Node.js, Teamwork"
Data Scientist,Tech,A role as a Data Scientist focusing on core responsibilities and industry demands.,"Blockchain, Java, Leadership, Polity, Current Affairs, React, Django"
Technical Writer,Content,A role as a Technical Writer focusing on core responsibilities and industry demands.,"Cloud, Deep Learning, Blockchain, HTML, Data Structures, JavaScript"
Bank PO,Government,A role as a Bank PO focusing on core responsibilities and industry demands.,"Statistics, Node.js, Python, HTML, Algorithms, Java"
Software Tester,Tech,A role as a Software Tester focusing on core responsibilities and industry demands.,"SQL, Node.js, Critical Thinking, Statistics"
Cybersecurity Analyst,Tech,A role as a Cybersecurity Analyst focusing on core responsibilities and industry demands.,"Communication, Computer Vision, Python, SQL, CSS"
Cybersecurity Analyst,Tech,A role as a Cybersecurity Analyst focusing on core responsibilities and industry demands.,"Django, Leadership, Current Affairs, CSS, Deep Learning, Flask, Machine Learning"
Software Tester,Tech,A role as a Software Tester focusing on core responsibilities and industry demands.,"Deep Learning, Algorithms, Blockchain, Flask, Cloud, Statistics"
AI Engineer,Tech,A role as a AI Engineer focusing on core responsibilities and industry demands.,"Data Structures, NLP, Teamwork, Critical Thinking, CSS, Django, Leadership"
Research Scholar,Academics,A role as a Research Scholar focusing on core responsibilities and industry demands.,"History, HTML, REST APIs, Data Structures, Polity"
GRE Aspirant,Exam,A role as a GRE Aspirant focusing on core responsibilities and industry demands.,"Leadership, REST APIs, React, Ethics, Blockchain, Current Affairs"
Data Scientist,Tech,A role as a Data Scientist focusing on core responsibilities and industry demands.,"HTML, Cybersecurity, Leadership, Data Structures"
Software Tester,Tech,A role as a Software Tester focusing on core responsibilities and industry demands.,"Computer Vision, Leadership, JavaScript, Git"
Bank PO,Government,A role as a Bank PO focusing on core responsibilities and industry demands.,"Teamwork, Blockchain, Node.js, Cloud, JavaScript, Polity, React"
Civil Services,Government,A role as a Civil Services focusing on core responsibilities and industry demands.,"Git, Python, Data Structures, Polity"
Game Developer,Tech,A role as a Game Developer focusing on core responsibilities and industry demands.,"NLP, Ethics, React, Algorithms, Statistics"
Full Stack Developer,Tech,A role as a Full Stack Developer focusing on core responsibilities and industry demands.,"Data Structures, Deep Learning, Java, Cloud"
GRE Aspirant,Exam,A role as a GRE Aspirant focusing on core responsibilities and industry demands.,"Python, Linux, Statistics, C++"
Frontend Developer,Tech,A role as a Frontend Developer focusing on core responsibilities and industry demands.,"Critical Thinking, Leadership, SQL, Data Structures, Cybersecurity, Node.js, Python"
Backend Developer,Tech,A role as a Backend Developer focusing on core responsibilities and industry demands.,"Machine Learning, Flask, Linux, Algorithms"
Technical Writer,Content,A role as a Technical Writer focusing on core responsibilities and industry demands.,"REST APIs, Deep Learning, Polity, Linux"
DevOps Engineer,Tech,A role as a DevOps Engineer focusing on core responsibilities and industry demands.,"Algorithms, Python, Java, Node.js"
ML Engineer,Tech,A role as a ML Engineer focusing on core responsibilities and industry demands.,"Django, Java, Deep Learning, React, Teamwork"
Civil Services,Government,A role as a Civil Services focusing on core responsibilities and industry demands.,"Python, Data Structures, JavaScript, Flask, Deep Learning, Leadership"
Research Scholar,Academics,A role as a Research Scholar focusing on core responsibilities and industry demands.,"Algorithms, Linux, Ethics, Teamwork, Computer Vision"
Blockchain Developer,Tech,A role as a Blockchain Developer focusing on core responsibilities and industry demands.,"C++, Communication, REST APIs, Django, Blockchain"
Game Developer,Tech,A role as a Game Developer focusing on core responsibilities and industry demands.,"Statistics, Leadership, Teamwork, Deep Learning, JavaScript"
Software Tester,Tech,A role as a Software Tester focusing on core responsibilities and industry demands.,"Algorithms, Linux, History, SQL"
DevOps Engineer,Tech,A role as a DevOps Engineer focusing on core responsibilities and industry demands.,"Machine Learning, Cybersecurity, HTML, SQL, Flask"
Product Manager,Management,A role as a Product Manager focusing on core responsibilities and industry demands.,"Teamwork, HTML, JavaScript, Cybersecurity"
GRE Aspirant,Exam,A role as a GRE Aspirant focusing on core responsibilities and industry demands.,"NLP, Statistics, Leadership, Flask, Blockchain"
Frontend Developer,Tech,A role as a Frontend Developer focusing on core responsibilities and industry demands.,"Cloud, SQL, Algorithms, Node.js"
Cybersecurity Analyst,Tech,A role as a Cybersecurity Analyst focusing on core responsibilities and industry demands.,"Cybersecurity, Critical Thinking, Flask, Machine Learning, Java, Polity"
Civil Services,Government,A role as a Civil Services focusing on core responsibilities and industry demands.,"Node.js, NLP, Python, Linux, Java, Data Structures"
GATE Aspirant,Exam,A role as a GATE Aspirant focusing on core responsibilities and industry demands.,"Cloud, Blockchain, History, Statistics, Computer Vision, Algorithms, Python"
DevOps Engineer,Tech,A role as a DevOps Engineer focusing on core responsibilities and industry demands.,"Git, Deep Learning, Teamwork, Leadership, Django"
Civil Services,Government,A role as a Civil Services focusing on core responsibilities and industry demands.,"C++, Teamwork, JavaScript, REST APIs"
Backend Developer,Tech,A role as a Backend Developer focusing on core responsibilities and industry demands.,"JavaScript, Django, Linux, Ethics"
Frontend Developer,Tech,A role as a Frontend Developer focusing on core responsibilities and industry demands.,"Polity, Cloud, Data Structures, History, SQL, Cybersecurity, Node.js"
GATE Aspirant,Exam,A role as a GATE Aspirant focusing on core responsibilities and industry demands.,"Linux, History, Polity, Leadership"
ML Engineer,Tech,A role as a ML Engineer focusing on core responsibilities and industry demands.,"Polity, HTML, REST APIs, Algorithms, Node.js, History, Data Structures"
GRE Aspirant,Exam,A role as a GRE Aspirant focusing on core responsibilities and industry demands.,"Algorithms, C++, JavaScript, Communication, React"
Game Developer,Tech,A role as a Game Developer focusing on core responsibilities and industry demands.,"React, Node.js, Blockchain, Critical Thinking, Python, NLP"
Full Stack Developer,Tech,A role as a Full Stack Developer focusing on core responsibilities and industry demands.,"React, Linux, HTML, Blockchain, NLP, History, Machine Learning"
Civil Services,Government,A role as a Civil Services focusing on core responsibilities and industry demands.,"History, Linux, Ethics, Data Structures"
Blockchain Developer,Tech,A role as a Blockchain Developer focusing on core responsibilities and industry demands.,"Node.js, Statistics, C++, Communication, CSS, Java, JavaScript"
Cloud Architect,Tech,A role as a Cloud Architect focusing on core responsibilities and industry demands.,"Ethics, History, Data Structures, React, Flask"
Product Manager,Management,A role as a Product Manager focusing on core responsibilities and industry demands.,"Algorithms, Communication, Flask, Statistics, History"
Frontend Developer,Tech,A role as a Frontend Developer focusing on core responsibilities and industry demands.,"Polity, Cloud, React, Flask, History, Machine Learning"
Game Developer,Tech,A role as a Game Developer focusing on core responsibilities and industry demands.,"Java, Blockchain, Cloud, React, Computer Vision, Django, Leadership"
Full Stack Developer,Tech,A role as a Full Stack Developer focusing on core responsibilities and industry demands.,"Current Affairs, Critical Thinking, Deep Learning, Cloud"
Software Tester,Tech,A role as a Software Tester focusing on core responsibilities and industry demands.,"Deep Learning, CSS, C++, Java, Cybersecurity"
Civil Services,Government,A role as a Civil Services focusing on core responsibilities and industry demands.,"REST APIs, Current Affairs, C++, Critical Thinking, Linux, History, React"
GRE Aspirant,Exam,A role as a GRE Aspirant focusing on core responsibilities and industry demands.,"Git, Leadership, React, Node.js, Machine Learning, Python, Teamwork"
DevOps Engineer,Tech,A role as a DevOps Engineer focusing on core responsibilities and industry demands.,"HTML, Git, Linux, Machine Learning"
ML Engineer,Tech,A role as a ML Engineer focusing on core responsibilities and industry demands.,"Blockchain, Statistics, Polity, Cloud, CSS"
Bank PO,Government,A role as a Bank PO focusing on core responsibilities and industry demands.,"C++, History, Java, Statistics, Teamwork, React, Deep Learning"
Backend Developer,Tech,A role as a Backend Developer focusing on core responsibilities and industry demands.,"SQL, Critical Thinking, Algorithms, Java, REST APIs, HTML, Machine Learning"
Data Scientist,Tech,A role as a Data Scientist focusing on core responsibilities and industry demands.,"Critical Thinking, Flask, Current Affairs, Java, Cybersecurity, Cloud"
GRE Aspirant,Exam,A role as a GRE Aspirant focusing on core responsibilities and industry demands.,"Teamwork, Cloud, SQL, Cybersecurity"
Game Developer,Tech,A role as a Game Developer focusing on core responsibilities and industry demands.,"Algorithms, React, JavaScript, CSS"
Technical Writer,Content,A role as a Technical Writer focusing on core responsibilities and industry demands.,"Critical Thinking, Linux, JavaScript, Communication, React, Algorithms, Flask"
UI/UX Designer,Design,A role as a UI/UX Designer focusing on core responsibilities and industry demands.,"Machine Learning, Linux, History, Cloud, SQL"
Civil Services,Government,A role as a Civil Services focusing on core responsibilities and industry demands.,"Current Affairs, Algorithms, React, Communication, Deep Learning, Teamwork"
Blockchain Developer,Tech,A role as a Blockchain Developer focusing on core responsibilities and industry demands.,"Node.js, Teamwork, Blockchain, Machine Learning, History, Python"
Software Tester,Tech,A role as a Software Tester focusing on core responsibilities and industry demands.,"Machine Learning, Blockchain, Computer Vision, Communication, C++"
ML Engineer,Tech,A role as a ML Engineer focusing on core responsibilities and industry demands.,"Ethics, Flask, React, Data Structures"
Blockchain Developer,Tech,A role as a Blockchain Developer focusing on core responsibilities and industry demands.,"Deep Learning, HTML, Cloud, Ethics, Statistics"
ML Engineer,Tech,A role as a ML Engineer focusing on core responsibilities and industry demands.,"Critical Thinking, Data Structures, Ethics, Polity, Current Affairs, Communication"
ML Engineer,Tech,A role as a ML Engineer focusing on core responsibilities and industry demands.,"NLP, Teamwork, Polity, Critical Thinking, SQL, Linux"
Technical Writer,Content,A role as a Technical Writer focusing on core responsibilities and industry demands.,"Communication, History, Cybersecurity, Node.js, CSS"
ML Engineer,Tech,A role as a ML Engineer focusing on core responsibilities and industry demands.,"Flask, Critical Thinking, CSS, Leadership"
Data Scientist,Tech,A role as a Data Scientist focusing on core responsibilities and industry demands.,"Blockchain, Git, REST APIs, Algorithms, C++, Linux"
Research Scholar,Academics,A role as a Research Scholar focusing on core responsibilities and industry demands.,"Deep Learning, Computer Vision, Blockchain, Flask, Ethics, Current Affairs"
Backend Developer,Tech,A role as a Backend Developer focusing on core responsibilities and industry demands.,"Data Structures, Flask, Teamwork, Leadership, Deep Learning"
Game Developer,Tech,A role as a Game Developer focusing on core responsibilities and industry demands.,"Algorithms, JavaScript, Deep Learning, Teamwork"
ML Engineer,Tech,A role as a ML Engineer focusing on core responsibilities and industry demands.,"Django, Data Structures, Critical Thinking, C++"
DevOps Engineer,Tech,A role as a DevOps Engineer focusing on core responsibilities and industry demands.,"Node.js, Cybersecurity, REST APIs, Computer Vision"
Game Developer,Tech,A role as a Game Developer focusing on core responsibilities and industry demands.,"Communication, Blockchain, Computer Vision, REST APIs"
DevOps Engineer,Tech,A role as a DevOps Engineer focusing on core responsibilities and industry demands.,"C++, History, Deep Learning, Computer Vision, Cybersecurity, HTML"
Civil Services,Government,A role as a Civil Services focusing on core responsibilities and industry demands.,"Blockchain, Leadership, Flask, Deep Learning, CSS"
Civil Services,Government,A role as a Civil Services focusing on core responsibilities and industry demands.,"Teamwork, Node.js, REST APIs, Java"
Cloud Architect,Tech,A role as a Cloud Architect focusing on core responsibilities and industry demands.,"Cybersecurity, Git, NLP, Node.js"
Frontend Developer,Tech,A role as a Frontend Developer focusing on core responsibilities and industry demands.,"Cybersecurity, Machine Learning, History, SQL, Statistics, Algorithms, Deep Learning"
Full Stack Developer,Tech,A role as a Full Stack Developer focusing on core responsibilities and industry demands.,"C++, React, Current Affairs, NLP, Python"
DevOps Engineer,Tech,A role as a DevOps Engineer focusing on core responsibilities and industry demands.,"Java, Computer Vision, Machine Learning, Django"
Bank PO,Government,A role as a Bank PO focusing on core responsibilities and industry demands.,"Blockchain, HTML, Node.js, Cybersecurity, Django, Teamwork, Data Structures"
Cloud Architect,Tech,A role as a Cloud Architect focusing on core responsibilities and industry demands.,"Node.js, Machine Learning, SQL, React, Python, Deep Learning"
Frontend Developer,Tech,A role as a Frontend Developer focusing on core responsibilities and industry demands.,"NLP, HTML, Statistics, Communication, Node.js, Critical Thinking"
Technical Writer,Content,A role as a Technical Writer focusing on core responsibilities and industry demands.,"Computer Vision, Git, React, REST APIs, Blockchain"
Blockchain Developer,Tech,A role as a Blockchain Developer focusing on core responsibilities and industry demands.,"Git, Critical Thinking, Machine Learning, NLP, Deep Learning"
GRE Aspirant,Exam,A role as a GRE Aspirant focusing on core responsibilities and industry demands.,"Django, NLP, Flask, Cybersecurity, Linux, Python, History"
GATE Aspirant,Exam,A role as a GATE Aspirant focusing on core responsibilities and industry demands.,"Deep Learning, Python, Node.js, Statistics"
Product Manager,Management,A role as a Product Manager focusing on core responsibilities and industry demands.,"Statistics, Communication, Node.js, Cybersecurity, React, Algorithms, Git"
Cybersecurity Analyst,Tech,A role as a Cybersecurity Analyst focusing on core responsibilities and industry demands.,"Polity, CSS, Python, Ethics, JavaScript, Django"
Bank PO,Government,A role as a Bank PO focusing on core responsibilities and industry demands.,"Polity, Algorithms, Ethics, Data Structures, Cloud, CSS"
Cybersecurity Analyst,Tech,A role as a Cybersecurity Analyst focusing on core responsibilities and industry demands.,"NLP, SQL, Git, Computer Vision, Ethics, Cybersecurity"
Research Scholar,Academics,A role as a Research Scholar focusing on core responsibilities and industry demands.,"SQL, Critical Thinking, Java, Computer Vision, Cloud, Flask"
UI/UX Designer,Design,A role as a UI/UX Designer focusing on core responsibilities and industry demands.,"NLP, Git, Blockchain, C++"
GRE Aspirant,Exam,A role as a GRE Aspirant focusing on core responsibilities and industry demands.,"Cybersecurity, Computer Vision, Machine Learning, JavaScript, Current Affairs"
Backend Developer,Tech,A role as a Backend Developer focusing on core responsibilities and industry demands.,"Teamwork, React, Cybersecurity, History, Critical Thinking, Statistics, Linux"
Bank PO,Government,A role as a Bank PO focusing on core responsibilities and industry demands.,"NLP, Algorithms, Cloud, Node.js, History"
Data Scientist,Tech,A role as a Data Scientist focusing on core responsibilities and industry demands.,"Flask, Ethics, Data Structures, Blockchain, Statistics, CSS"
AI Engineer,Tech,A role as a AI Engineer focusing on core responsibilities and industry demands.,"Cybersecurity, HTML, C++, Current Affairs, Machine Learning, Linux"
UI/UX Designer,Design,A role as a UI/UX Designer focusing on core responsibilities and industry demands.,"Leadership, Deep Learning, Flask, Computer Vision, Linux, C++"
Game Developer,Tech,A role as a Game Developer focusing on core responsibilities and industry demands.,"REST APIs, SQL, Polity, Django, Ethics"
Blockchain Developer,Tech,A role as a Blockchain Developer focusing on core responsibilities and industry demands.,"History, Flask, Node.js, Algorithms, Deep Learning, Polity"
Product Manager,Management,A role as a Product Manager focusing on core responsibilities and industry demands.,"Deep Learning, NLP, Data Structures, React"
Backend Developer,Tech,A role as a Backend Developer focusing on core responsibilities and industry demands.,"Blockchain, C++, Django, Ethics, NLP"
DevOps Engineer,Tech,A role as a DevOps Engineer focusing on core responsibilities and industry demands.,"Deep Learning, Algorithms, Teamwork, History, Cybersecurity, CSS, HTML"
Cybersecurity Analyst,Tech,A role as a Cybersecurity Analyst focusing on core responsibilities and industry demands.,"NLP, REST APIs, Flask, Current Affairs, Statistics, Teamwork, History"
Research Scholar,Academics,A role as a Research Scholar focusing on core responsibilities and industry demands.,"History, Blockchain, Computer Vision, C++, Django, Machine Learning, Python"
UI/UX Designer,Design,A role as a UI/UX Designer focusing on core responsibilities and industry demands.,"HTML, Machine Learning, React, Leadership, Flask, Polity"
UI/UX Designer,Design,A role as a UI/UX Designer focusing on core responsibilities and industry demands.,"Leadership, Data Structures, SQL, React, History, Critical Thinking, NLP"
ML Engineer,Tech,A role as a ML Engineer focusing on core responsibilities and industry demands.,"Flask, Leadership, Algorithms, Python"
Cybersecurity Analyst,Tech,A role as a Cybersecurity Analyst focusing on core responsibilities and industry demands.,"Deep Learning, Computer Vision, SQL, Cybersecurity, Critical Thinking"
Civil Services,Government,A role as a Civil Services focusing on core responsibilities and industry demands.,"Blockchain, HTML, Git, React, Django"
Product Manager,Management,A role as a Product Manager focusing on core responsibilities and industry demands.,"Ethics, Blockchain, Flask, Linux"
Blockchain Developer,Tech,A role as a Blockchain Developer focusing on core responsibilities and industry demands.,"Computer Vision, Critical Thinking, React, Git"
Frontend Developer,Tech,A role as a Frontend Developer focusing on core responsibilities and industry demands.,"Algorithms, Statistics, Linux, Cloud, History, React"
Backend Developer,Tech,A role as a Backend Developer focusing on core responsibilities and industry demands.,"JavaScript, Flask, Java, Leadership, React, SQL, NLP"
Cybersecurity Analyst,Tech,A role as a Cybersecurity Analyst focusing on core responsibilities and industry demands.,"Polity, Python, Leadership, Machine Learning, C++, Statistics"
Frontend Developer,Tech,A role as a Frontend Developer focusing on core responsibilities and industry demands.,"Polity, Communication, Leadership, JavaScript"
ML Engineer,Tech,A role as a ML Engineer focusing on core responsibilities and industry demands.,"Statistics, REST APIs, Java, CSS"
Civil Services,Government,A role as a Civil Services focusing on core responsibilities and industry demands.,"SQL, Leadership, Java, Cybersecurity, Statistics"
Cybersecurity Analyst,Tech,A role as a Cybersecurity Analyst focusing on core responsibilities and industry demands.,"Django, Current Affairs, Cloud, HTML, JavaScript, Data Structures"
Blockchain Developer,Tech,A role as a Blockchain Developer focusing on core responsibilities and industry demands.,"Computer Vision, Leadership, SQL, React, C++"
Software Tester,Tech,A role as a Software Tester focusing on core responsibilities and industry demands.,"Blockchain, C++, HTML, Current Affairs"
Research Scholar,Academics,A role as a Research Scholar focusing on core responsibilities and industry demands.,"Machine Learning, Blockchain, REST APIs, Deep Learning, Current Affairs"
Civil Services,Government,A role as a Civil Services focusing on core responsibilities and industry demands.,"Data Structures, CSS, Machine Learning, Leadership"
Game Developer,Tech,A role as a Game Developer focusing on core responsibilities and industry demands.,"Leadership, SQL, Git, Polity, Teamwork, Python, Django"
AI Engineer,Tech,A role as a AI Engineer focusing on core responsibilities and industry demands.,"Linux, Flask, Algorithms, Machine Learning"
ML Engineer,Tech,A role as a ML Engineer focusing on core responsibilities and industry demands.,"Communication, History, C++, Data Structures, Polity"
Product Manager,Management,A role as a Product Manager focusing on core responsibilities and industry demands.,"Critical Thinking, CSS, Computer Vision, Deep Learning"
Technical Writer,Content,A role as a Technical Writer focusing on core responsibilities and industry demands.,"Communication, Django, Critical Thinking, Algorithms, SQL, History, Teamwork"
Software Tester,Tech,A role as a Software Tester focusing on core responsibilities and industry demands.,"Deep Learning, Communication, Linux, React, Ethics, Cloud"
Frontend Developer,Tech,A role as a Frontend Developer focusing on core responsibilities and industry demands.,"C++, Critical Thinking, Django, Java, Git, Data Structures, Cloud"
Cloud Architect,Tech,A role as a Cloud Architect focusing on core responsibilities and industry demands.,"SQL, Node.js, Communication, Algorithms, History, HTML, NLP"
ML Engineer,Tech,A role as a ML Engineer focusing on core responsibilities and industry demands.,"React, Machine Learning, Computer Vision, JavaScript, REST APIs, Java"
Full Stack Developer,Tech,A role as a Full Stack Developer focusing on core responsibilities and industry demands.,"JavaScript, History, SQL, Java, HTML"
GRE Aspirant,Exam,A role as a GRE Aspirant focusing on core responsibilities and industry demands.,"Computer Vision, Machine Learning, JavaScript, Node.js, REST APIs, History"
UI/UX Designer,Design,A role as a UI/UX Designer focusing on core responsibilities and industry demands.,"Cloud, Communication, CSS, Critical Thinking, React, Linux"
Product Manager,Management,A role as a Product Manager focusing on core responsibilities and industry demands.,"C++, Flask, Java, Linux"
ML Engineer,Tech,A role as a ML Engineer focusing on core responsibilities and industry demands.,"Critical Thinking, Django, Data Structures, Deep Learning"
Technical Writer,Content,A role as a Technical Writer focusing on core responsibilities and industry demands.,"Git, Ethics, Node.js, Deep Learning"
AI Engineer,Tech,A role as a AI Engineer focusing on core responsibilities and industry demands.,"C++, Polity, Java, Cybersecurity"
Research Scholar,Academics,A role as a Research Scholar focusing on core responsibilities and industry demands.,"Ethics, C++, HTML, JavaScript, Teamwork, Flask, Data Structures"
UI/UX Designer,Design,A role as a UI/UX Designer focusing on core responsibilities and industry demands.,"Git, Django, Polity, CSS, Deep Learning, Statistics"
Software Tester,Tech,A role as a Software Tester focusing on core responsibilities and industry demands.,"JavaScript, Critical Thinking, Deep Learning, Django"
Frontend Developer,Tech,A role as a Frontend Developer focusing on core responsibilities and industry demands.,"HTML, JavaScript, Blockchain, Leadership, Deep Learning"
Game Developer,Tech,A role as a Game Developer focusing on core responsibilities and industry demands.,"Polity, Data Structures, HTML, SQL, Node.js"
Frontend Developer,Tech,A role as a Frontend Developer focusing on core responsibilities and industry demands.,"Machine Learning, Statistics, NLP, Blockchain, C++, Linux, REST APIs"
Cloud Architect,Tech,A role as a Cloud Architect focusing on core responsibilities and industry demands.,"C++, CSS, NLP, Python, Node.js, Java, Git"
Backend Developer,Tech,A role as a Backend Developer focusing on core responsibilities and industry demands.,"C++, Ethics, Java, Deep Learning"
Backend Developer,Tech,A role as a Backend Developer focusing on core responsibilities and industry demands.,"SQL, Django, Leadership, Current Affairs"
Game Developer,Tech,A role as a Game Developer focusing on core responsibilities and industry demands.,"SQL, Algorithms, Git, Polity, Deep Learning"
GATE Aspirant,Exam,A role as a GATE Aspirant focusing on core responsibilities and industry demands.,"Deep Learning, HTML, Communication, Git, Java, Node.js"
Blockchain Developer,Tech,A role as a Blockchain Developer focusing on core responsibilities and industry demands.,"Python, Linux, Cloud, Statistics"
Civil Services,Government,A role as a Civil Services focusing on core responsibilities and industry demands.,"Teamwork, Python, Machine Learning, REST APIs"
Research Scholar,Academics,A role as a Research Scholar focusing on core responsibilities and industry demands.,"SQL, JavaScript, Critical Thinking, Teamwork, CSS"
Cloud Architect,Tech,A role as a Cloud Architect focusing on core responsibilities and industry demands.,"Communication, JavaScript, SQL, Ethics"
Research Scholar,Academics,A role as a Research Scholar focusing on core responsibilities and industry demands.,"Linux, CSS, Ethics, Git, Java, HTML, Critical Thinking"
Game Developer,Tech,A role as a Game Developer focusing on core responsibilities and industry demands.,"Git, React, Critical Thinking, JavaScript, Cybersecurity, Statistics"
Research Scholar,Academics,A role as a Research Scholar focusing on core responsibilities and industry demands.,"Polity, React, CSS, Algorithms, Leadership"
Cybersecurity Analyst,Tech,A role as a Cybersecurity Analyst focusing on core responsibilities and industry demands.,"Cybersecurity, Algorithms, History, Communication"
AI Engineer,Tech,A role as a AI Engineer focusing on core responsibilities and industry demands.,"Blockchain, Cloud, Deep Learning, Ethics, Communication, Django, SQL"
Bank PO,Government,A role as a Bank PO focusing on core responsibilities and industry demands.,"Communication, History, Deep Learning, Ethics, Node.js, NLP"
Full Stack Developer,Tech,A role as a Full Stack Developer focusing on core responsibilities and industry demands.,"Communication, Critical Thinking, C++, Current Affairs"
Frontend Developer,Tech,A role as a Frontend Developer focusing on core responsibilities and industry demands.,"Leadership, Node.js, History, Algorithms, Teamwork, Deep Learning"
Blockchain Developer,Tech,A role as a Blockchain Developer focusing on core responsibilities and industry demands.,"Blockchain, Linux, Critical Thinking, Machine Learning, JavaScript, Polity"
AI Engineer,Tech,A role as a AI Engineer focusing on core responsibilities and industry demands.,"Java, Polity, Computer Vision, C++, Blockchain"
Backend Developer,Tech,A role as a Backend Developer focusing on core responsibilities and industry demands.,"Node.js, CSS, Python, React, Django"
Cloud Architect,Tech,A role as a Cloud Architect focusing on core responsibilities and industry demands.,"Linux, Data Structures, SQL, JavaScript, Cloud, Cybersecurity, Blockchain"
Cloud Architect,Tech,A role as a Cloud Architect focusing on core responsibilities and industry demands.,"Git, Polity, HTML, Flask, Django"
Product Manager,Management,A role as a Product Manager focusing on core responsibilities and industry demands.,"Cloud, CSS, Leadership, Critical Thinking, Python, Node.js, Algorithms"
ML Engineer,Tech,A role as a ML Engineer focusing on core responsibilities and industry demands.,"Python, Algorithms, SQL, Computer Vision"
Cloud Architect,Tech,A role as a Cloud Architect focusing on core responsibilities and industry demands.,"Communication, REST APIs, React, Current Affairs"
Civil Services,Government,A role as a Civil Services focusing on core responsibilities and industry demands.,"Deep Learning, Git, Node.js, Cloud, Current Affairs, Computer Vision"
Blockchain Developer,Tech,A role as a Blockchain Developer focusing on core responsibilities and industry demands.,"React, History, Statistics, CSS, Teamwork, Ethics, Critical Thinking"
ML Engineer,Tech,A role as a ML Engineer focusing on core responsibilities and industry demands.,"Blockchain, Python, REST APIs, Deep Learning"
ML Engineer,Tech,A role as a ML Engineer focusing on core responsibilities and industry demands.,"Current Affairs, Data Structures, Deep Learning, Leadership, Node.js"
Product Manager,Management,A role as a Product Manager focusing on core responsibilities and industry demands.,"Django, Teamwork, History, Algorithms"
ML Engineer,Tech,A role as a ML Engineer focusing on core responsibilities and industry demands.,"Statistics, HTML, Blockchain, Flask"
UI/UX Designer,Design,A role as a UI/UX Designer focusing on core responsibilities and industry demands.,"Data Structures, Deep Learning, SQL, Algorithms, C++, Node.js"
Research Scholar,Academics,A role as a Research Scholar focusing on core responsibilities and industry demands.,"Algorithms, Cybersecurity, Flask, React, Polity, Leadership, Linux"
Blockchain Developer,Tech,A role as a Blockchain Developer focusing on core responsibilities and industry demands.,"History, Polity, Statistics, Communication, Teamwork, Java, JavaScript"
Frontend Developer,Tech,A role as a Frontend Developer focusing on core responsibilities and industry demands.,"Flask, Django, Communication, Computer Vision, C++, History, Polity"
Game Developer,Tech,A role as a Game Developer focusing on core responsibilities and industry demands.,"Flask, C++, Data Structures, Leadership"
ML Engineer,Tech,A role as a ML Engineer focusing on core responsibilities and industry demands.,"Computer Vision, Python, Blockchain, History, Node.js, JavaScript, Flask"
Data Scientist,Tech,A role as a Data Scientist focusing on core responsibilities and industry demands.,"Data Structures, Deep Learning, Git, Java, Communication, Algorithms"
Cloud Architect,Tech,A role as a Cloud Architect focusing on core responsibilities and industry demands.,"Node.js, Leadership, Ethics, Django, Java"
ML Engineer,Tech,A role as a ML Engineer focusing on core responsibilities and industry demands.,"Communication, Leadership, Algorithms, Machine Learning, Deep Learning, Blockchain"
Product Manager,Management,A role as a Product Manager focusing on core responsibilities and industry demands.,"Leadership, Cybersecurity, Data Structures, REST APIs, React, C++"
Bank PO,Government,A role as a Bank PO focusing on core responsibilities and industry demands.,"Data Structures, Polity, NLP, Java, Algorithms"
Game Developer,Tech,A role as a Game Developer focusing on core responsibilities and industry demands.,"Cloud, Java, C++, Leadership"
Cybersecurity Analyst,Tech,A role as a Cybersecurity Analyst focusing on core responsibilities and industry demands.,"React, Leadership, CSS, Deep Learning, Polity, C++"
Research Scholar,Academics,A role as a Research Scholar focusing on core responsibilities and industry demands.,"HTML, Linux, Deep Learning, Critical Thinking, Communication"
Software Tester,Tech,A role as a Software Tester focusing on core responsibilities and industry demands.,"History, Django, Computer Vision, C++, Ethics, Flask"
DevOps Engineer,Tech,A role as a DevOps Engineer focusing on core responsibilities and industry demands.,"Current Affairs, CSS, Java, Python, Node.js"
ML Engineer,Tech,A role as a ML Engineer focusing on core responsibilities and industry demands.,"Node.js, C++, CSS, HTML, Java"
Blockchain Developer,Tech,A role as a Blockchain Developer focusing on core responsibilities and industry demands.,"C++, NLP, JavaScript, Polity, Blockchain"
ML Engineer,Tech,A role as a ML Engineer focusing on core responsibilities and industry demands.,"CSS, Linux, Cloud, Critical Thinking"
Data Scientist,Tech,A role as a Data Scientist focusing on core responsibilities and industry demands.,"CSS, Ethics, Git, Machine Learning, Computer Vision, HTML"
UI/UX Designer,Design,A role as a UI/UX Designer focusing on core responsibilities and industry demands.,"Flask, SQL, Statistics, Ethics, Computer Vision, Blockchain"
Software Tester,Tech,A role as a Software Tester focusing on core responsibilities and industry demands.,"Data Structures, Cloud, Python, Critical Thinking"
DevOps Engineer,Tech,A role as a DevOps Engineer focusing on core responsibilities and industry demands.,"Communication, Statistics, Django, Node.js, Cloud, Linux, HTML"
Data Scientist,Tech,A role as a Data Scientist focusing on core responsibilities and industry demands.,"Git, HTML, Node.js, CSS, Statistics, Java, Ethics"
Product Manager,Management,A role as a Product Manager focusing on core responsibilities and industry demands.,"Computer Vision, Django, Git, Ethics, Data Structures, Leadership, Deep Learning"
Cloud Architect,Tech,A role as a Cloud Architect focusing on core responsibilities and industry demands.,"Python, Machine Learning, JavaScript, Statistics"
ML Engineer,Tech,A role as a ML Engineer focusing on core responsibilities and industry demands.,"CSS, SQL, Polity, Blockchain, Communication, C++, Critical Thinking"
Blockchain Developer,Tech,A role as a Blockchain Developer focusing on core responsibilities and industry demands.,"Deep Learning, Cybersecurity, React, HTML"
Software Tester,Tech,A role as a Software Tester focusing on core responsibilities and industry demands.,"Python, CSS, Communication, Django, Cloud, REST APIs"
GATE Aspirant,Exam,A role as a GATE Aspirant focusing on core responsibilities and industry demands.,"Deep Learning, Cybersecurity, Current Affairs, Critical Thinking, Blockchain, Leadership, Django"
AI Engineer,Tech,A role as a AI Engineer focusing on core responsibilities and industry demands.,"HTML, C++, Algorithms, Deep Learning, Linux"
Full Stack Developer,Tech,A role as a Full Stack Developer focusing on core responsibilities and industry demands.,"HTML, React, REST APIs, Statistics"
GATE Aspirant,Exam,A role as a GATE Aspirant focusing on core responsibilities and industry demands.,"Linux, Polity, Git, Cloud"
Research Scholar,Academics,A role as a Research Scholar focusing on core responsibilities and industry demands.,"NLP, Leadership, Git, Current Affairs, React, Django, Statistics"
Data Scientist,Tech,A role as a Data Scientist focusing on core responsibilities and industry demands.,"Ethics, Statistics, Python, Communication, Cybersecurity"
Product Manager,Management,A role as a Product Manager focusing on core responsibilities and industry demands.,"Django, NLP, C++, Ethics, CSS"
Product Manager,Management,A role as a Product Manager focusing on core responsibilities and industry demands.,"Node.js, History, Java, C++, Python, Computer Vision, Algorithms"
Data Scientist,Tech,A role as a Data Scientist focusing on core responsibilities and industry demands.,"C++, Deep Learning, REST APIs, Algorithms"
Bank PO,Government,A role as a Bank PO focusing on core responsibilities and industry demands.,"HTML, Deep Learning, Django, Algorithms, Machine Learning, Current Affairs, Cloud"
Frontend Developer,Tech,A role as a Frontend Developer focusing on core responsibilities and industry demands.,"Blockchain, Statistics, SQL, Critical Thinking, Ethics, Leadership, Node.js"
Cloud Architect,Tech,A role as a Cloud Architect focusing on core responsibilities and industry demands.,"React, Deep Learning, Leadership, Node.js"
Full Stack Developer,Tech,A role as a Full Stack Developer focusing on core responsibilities and industry demands.,"Git, Python, SQL, Java, Critical Thinking, Algorithms"
AI Engineer,Tech,A role as a AI Engineer focusing on core responsibilities and industry demands.,"Current Affairs, Ethics, Data Structures, CSS, Computer Vision"
Data Scientist,Tech,A role as a Data Scientist focusing on core responsibilities and industry demands.,"NLP, Java, C++, Data Structures, SQL"
Technical Writer,Content,A role as a Technical Writer focusing on core responsibilities and industry demands.,"Data Structures, Blockchain, Deep Learning, C++, Python, Critical Thinking, Git"
DevOps Engineer,Tech,A role as a DevOps Engineer focusing on core responsibilities and industry demands.,"NLP, Data Structures, SQL, HTML, Java"
Research Scholar,Academics,A role as a Research Scholar focusing on core responsibilities and industry demands.,"Polity, HTML, C++, Current Affairs, History, Teamwork"
Cloud Architect,Tech,A role as a Cloud Architect focusing on core responsibilities and industry demands.,"JavaScript, Cybersecurity, Polity, SQL, Teamwork"
AI Engineer,Tech,A role as a AI Engineer focusing on core responsibilities and industry demands.,"Python, Cloud, Algorithms, History, Cybersecurity, CSS, Java"
Civil Services,Government,A role as a Civil Services focusing on core responsibilities and industry demands.,"Data Structures, HTML, Git, Cybersecurity, C++, Linux, React"
GATE Aspirant,Exam,A role as a GATE Aspirant focusing on core responsibilities and industry demands.,"Cybersecurity, Computer Vision, Python, C++, SQL"
DevOps Engineer,Tech,A role as a DevOps Engineer focusing on core responsibilities and industry demands.,"Polity, Node.js, React, HTML, Current Affairs"
Product Manager,Management,A role as a Product Manager focusing on core responsibilities and industry demands.,"Ethics, Java, Algorithms, SQL, Deep Learning, Communication, Node.js"
Cloud Architect,Tech,A role as a Cloud Architect focusing on core responsibilities and industry demands.,"Git, Polity, Python, React, Communication, Deep Learning"
GRE Aspirant,Exam,A role as a GRE Aspirant focusing on core responsibilities and industry demands.,"NLP, Flask, HTML, C++, SQL"
Data Scientist,Tech,A role as a Data Scientist focusing on core responsibilities and industry demands.,"Cybersecurity, Blockchain, CSS, Machine Learning"
Game Developer,Tech,A role as a Game Developer focusing on core responsibilities and industry demands.,"React, Statistics, Machine Learning, Cloud, Java"
Cybersecurity Analyst,Tech,A role as a Cybersecurity Analyst focusing on core responsibilities and industry demands.,"Django, Algorithms, Python, Current Affairs, REST APIs, Node.js, Statistics"
Cybersecurity Analyst,Tech,A role as a Cybersecurity Analyst focusing on core responsibilities and industry demands.,"Linux, Teamwork, Node.js, History"
Blockchain Developer,Tech,A role as a Blockchain Developer focusing on core responsibilities and industry demands.,"Python, Deep Learning, REST APIs, Critical Thinking, Cybersecurity, Cloud"
Data Scientist,Tech,A role as a Data Scientist focusing on core responsibilities and industry demands.,"SQL, REST APIs, Flask, Deep Learning, Cybersecurity, Leadership, React"
Product Manager,Management,A role as a Product Manager focusing on core responsibilities and industry demands.,"C++, Linux, Deep Learning, Git, Critical Thinking"
Research Scholar,Academics,A role as a Research Scholar focusing on core responsibilities and industry demands.,"Critical Thinking, CSS, Node.js, Blockchain, Git, Communication, Django"
Research Scholar,Academics,A role as a Research Scholar focusing on core responsibilities and industry demands.,"Communication, Cloud, Current Affairs, Linux"
DevOps Engineer,Tech,A role as a DevOps Engineer focusing on core responsibilities and industry demands.,"Critical Thinking, Data Structures, Communication, Algorithms, History, Ethics, Current Affairs"
GATE Aspirant,Exam,A role as a GATE Aspirant focusing on core responsibilities and industry demands.,"C++, React, REST APIs, Data Structures"
Frontend Developer,Tech,A role as a Frontend Developer focusing on core responsibilities and industry demands.,"Data Structures, Node.js, Polity, Blockchain, Git, History, Java"
Bank PO,Government,A role as a Bank PO focusing on core responsibilities and industry demands.,"Node.js, Communication, Cybersecurity, Deep Learning, SQL, History"
Software Tester,Tech,A role as a Software Tester focusing on core responsibilities and industry demands.,"HTML, Algorithms, NLP, Leadership, JavaScript"
Technical Writer,Content,A role as a Technical Writer focusing on core responsibilities and industry demands.,"Communication, Algorithms, Statistics, Cloud, Git, Computer Vision"
Technical Writer,Content,A role as a Technical Writer focusing on core responsibilities and industry demands.,"React, Teamwork, REST APIs, Data Structures, Deep Learning"
Bank PO,Government,A role as a Bank PO focusing on core responsibilities and industry demands.,"Cloud, Flask, Critical Thinking, Computer Vision, Current Affairs, Algorithms"
AI Engineer,Tech,A role as a AI Engineer focusing on core responsibilities and industry demands.,"History, Linux, Leadership, Algorithms, Current Affairs, Python, Data Structures"
GATE Aspirant,Exam,A role as a GATE Aspirant focusing on core responsibilities and industry demands.,"Flask, CSS, Django, Linux, Java, Git"
DevOps Engineer,Tech,A role as a DevOps Engineer focusing on core responsibilities and industry demands.,"SQL, NLP, History, CSS, React"
GRE Aspirant,Exam,A role as a GRE Aspirant focusing on core responsibilities and industry demands.,"Linux, Current Affairs, C++, Git, React"
AI Engineer,Tech,A role as a AI Engineer focusing on core responsibilities and industry demands.,"Polity, Blockchain, Linux, History, SQL"
DevOps Engineer,Tech,A role as a DevOps Engineer focusing on core responsibilities and industry demands.,"Statistics, Critical Thinking, Algorithms, Cloud"
GRE Aspirant,Exam,A role as a GRE Aspirant focusing on core responsibilities and industry demands.,"Django, Leadership, Cloud, Blockchain"
Data Scientist,Tech,A role as a Data Scientist focusing on core responsibilities and industry demands.,"JavaScript, Algorithms, Machine Learning, Statistics, Current Affairs, Python, Blockchain"
Backend Developer,Tech,A role as a Backend Developer focusing on core responsibilities and industry demands.,"Flask, Cloud, Deep Learning, Python, React, JavaScript, Linux"
Full Stack Developer,Tech,A role as a Full Stack Developer focusing on core responsibilities and industry demands.,"Statistics, Communication, Data Structures, Cybersecurity, Git, SQL, React"
Cybersecurity Analyst,Tech,A role as a Cybersecurity Analyst focusing on core responsibilities and industry demands.,"Blockchain, REST APIs, HTML, C++, CSS"
Civil Services,Government,A role as a Civil Services focusing on core responsibilities and industry demands.,"Django, Java, Teamwork, Algorithms, NLP"
UI/UX Designer,Design,A role as a UI/UX Designer focusing on core responsibilities and industry demands.,"CSS, Java, Leadership, Cybersecurity"
Backend Developer,Tech,A role as a Backend Developer focusing on core responsibilities and industry demands.,"Polity, History, Cloud, C++, Node.js"
ML Engineer,Tech,A role as a ML Engineer focusing on core responsibilities and industry demands.,"C++, React, Teamwork, Flask, Algorithms"
GATE Aspirant,Exam,A role as a GATE Aspirant focusing on core responsibilities and industry demands.,"Cybersecurity, Polity, REST APIs, Django, HTML, C++, Computer Vision"
GATE Aspirant,Exam,A role as a GATE Aspirant focusing on core responsibilities and industry demands.,"Machine Learning, Teamwork, Node.js, Data Structures, REST APIs, History"
Data Scientist,Tech,A role as a Data Scientist focusing on core responsibilities and industry demands.,"JavaScript, Python, Blockchain, Polity, Data Structures"
Frontend Developer,Tech,A role as a Frontend Developer focusing on core responsibilities and industry demands.,"Python, Machine Learning, HTML, Cloud, Current Affairs, Linux"
Full Stack Developer,Tech,A role as a Full Stack Developer focusing on core responsibilities and industry demands.,"Deep Learning, Machine Learning, NLP, Node.js, Python, JavaScript"
Software Tester,Tech,A role as a Software Tester focusing on core responsibilities and industry demands.,"Java, Leadership, Data Structures, Blockchain, Cybersecurity, REST APIs"
AI Engineer,Tech,A role as a AI Engineer focusing on core responsibilities and industry demands.,"Algorithms, JavaScript, Java, Cybersecurity"
Cybersecurity Analyst,Tech,A role as a Cybersecurity Analyst focusing on core responsibilities and industry demands.,"Computer Vision, Statistics, Git, Critical Thinking, Python, NLP, Ethics"
Blockchain Developer,Tech,A role as a Blockchain Developer focusing on core responsibilities and industry demands.,"Machine Learning, Statistics, History, Communication, Cybersecurity, Linux"
Cloud Architect,Tech,A role as a Cloud Architect focusing on core responsibilities and industry demands.,"Git, Critical Thinking, CSS, Ethics, Algorithms, NLP"
Blockchain Developer,Tech,A role as a Blockchain Developer focusing on core responsibilities and industry demands.,"Leadership, Flask, React, Linux, C++, Python, NLP"
Data Scientist,Tech,A role as a Data Scientist focusing on core responsibilities and industry demands.,"Algorithms, Deep Learning, Cloud, Node.js"
Bank PO,Government,A role as a Bank PO focusing on core responsibilities and industry demands.,"Linux, Communication, Critical Thinking, Deep Learning, JavaScript"
Data Scientist,Tech,A role as a Data Scientist focusing on core responsibilities and industry demands.,"HTML, Algorithms, Git, Leadership, Flask, SQL, Machine Learning"
DevOps Engineer,Tech,A role as a DevOps Engineer focusing on core responsibilities and industry demands.,"Git, Cloud, Teamwork, C++, Ethics, Leadership, Node.js"
GATE Aspirant,Exam,A role as a GATE Aspirant focusing on core responsibilities and industry demands.,"Machine Learning, Ethics, Django, Git"
Technical Writer,Content,A role as a Technical Writer focusing on core responsibilities and industry demands.,"Data Structures, Current Affairs, Java, Teamwork, Python"
UI/UX Designer,Design,A role as a UI/UX Designer focusing on core responsibilities and industry demands.,"Ethics, Statistics, CSS, HTML, Cybersecurity"
GATE Aspirant,Exam,A role as a GATE Aspirant focusing on core responsibilities and industry demands.,"Deep Learning, HTML, NLP, Computer Vision, CSS, Data Structures"
AI Engineer,Tech,A role as a AI Engineer focusing on core responsibilities and industry demands.,"Django, Computer Vision, Cybersecurity, History, Polity, SQL"
Research Scholar,Academics,A role as a Research Scholar focusing on core responsibilities and industry demands.,"Flask, NLP, Communication, Data Structures, Leadership"
Cloud Architect,Tech,A role as a Cloud Architect focusing on core responsibilities and industry demands.,"Ethics, Critical Thinking, Algorithms, Current Affairs"
Backend Developer,Tech,A role as a Backend Developer focusing on core responsibilities and industry demands.,"Cloud, History, Critical Thinking, CSS, Computer Vision, Data Structures"
Software Tester,Tech,A role as a Software Tester focusing on core responsibilities and industry demands.,"Current Affairs, Data Structures, REST APIs, Cybersecurity, Git, Node.js, Python"
ML Engineer,Tech,A role as a ML Engineer focusing on core responsibilities and industry demands.,"Cybersecurity, JavaScript, Algorithms, Deep Learning"
Blockchain Developer,Tech,A role as a Blockchain Developer focusing on core responsibilities and industry demands.,"Node.js, History, C++, Ethics, NLP, Data Structures, Leadership"
Civil Services,Government,A role as a Civil Services focusing on core responsibilities and industry demands.,"Polity, Machine Learning, Deep Learning, Python, Critical Thinking, Django"
Cloud Architect,Tech,A role as a Cloud Architect focusing on core responsibilities and industry demands.,"Teamwork, C++, SQL, Python, REST APIs"
ML Engineer,Tech,A role as a ML Engineer focusing on core responsibilities and industry demands.,"Data Structures, Ethics, Node.js, Communication"
Civil Services,Government,A role as a Civil Services focusing on core responsibilities and industry demands.,"Linux, Teamwork, Machine Learning, SQL, Data Structures, Java, Git"
ML Engineer,Tech,A role as a ML Engineer focusing on core responsibilities and industry demands.,"Critical Thinking, NLP, Git, Node.js, Ethics, Blockchain"
Blockchain Developer,Tech,A role as a Blockchain Developer focusing on core responsibilities and industry demands.,"Polity, Current Affairs, CSS, Cybersecurity"
Software Tester,Tech,A role as a Software Tester focusing on core responsibilities and industry demands.,"Git, Deep Learning, Cloud, History, Polity"
Bank PO,Government,A role as a Bank PO focusing on core responsibilities and industry demands.,"Cybersecurity, HTML, Blockchain, Cloud, Statistics, Leadership"
Product Manager,Management,A role as a Product Manager focusing on core responsibilities and industry demands.,"Current Affairs, Polity, Git, Machine Learning, Linux, Blockchain, Teamwork"
Data Scientist,Tech,A role as a Data Scientist focusing on core responsibilities and industry demands.,"HTML, Deep Learning, REST APIs, Node.js, Flask, Java, C++"
UI/UX Designer,Design,A role as a UI/UX Designer focusing on core responsibilities and industry demands.,"Teamwork, CSS, React, HTML, Node.js"
Technical Writer,Content,A role as a Technical Writer focusing on core responsibilities and industry demands.,"React, Git, Node.js, Java"
Game Developer,Tech,A role as a Game Developer focusing on core responsibilities and industry demands.,"Communication, Polity, Django, CSS"
Bank PO,Government,A role as a Bank PO focusing on core responsibilities and industry demands.,"Critical Thinking, Deep Learning, Linux, Data Structures, Polity, C++"
Product Manager,Management,A role as a Product Manager focusing on core responsibilities and industry demands.,"React, Algorithms, HTML, Python"
Cybersecurity Analyst,Tech,A role as a Cybersecurity Analyst focusing on core responsibilities and industry demands.,"Blockchain, NLP, Computer Vision, HTML, Ethics, Machine Learning, SQL"
DevOps Engineer,Tech,A role as a DevOps Engineer focusing on core responsibilities and industry demands.,"Polity, Machine Learning, Statistics, SQL, Deep Learning, C++"
Software Tester,Tech,A role as a Software Tester focusing on core responsibilities and industry demands.,"Computer Vision, Git, C++, Node.js"
Frontend Developer,Tech,A role as a Frontend Developer focusing on core responsibilities and industry demands.,"NLP, Java, Machine Learning, Current Affairs, React"
UI/UX Designer,Design,A role as a UI/UX Designer focusing on core responsibilities and industry demands.,"Leadership, SQL, Current Affairs, Deep Learning, Critical Thinking, Linux"
Frontend Developer,Tech,A role as a Frontend Developer focusing on core responsibilities and industry demands.,"React, REST APIs, Git, Ethics, Cybersecurity, Django"
Product Manager,Management,A role as a Product Manager focusing on core responsibilities and industry demands.,"Teamwork, React, HTML, Cybersecurity"
UI/UX Designer,Design,A role as a UI/UX Designer focusing on core responsibilities and industry demands.,"JavaScript, Flask, Python, HTML, Current Affairs, Algorithms"
Blockchain Developer,Tech,A role as a Blockchain Developer focusing on core responsibilities and industry demands.,"Flask, Current Affairs, Deep Learning, Linux, C++, SQL"
Blockchain Developer,Tech,A role as a Blockchain Developer focusing on core responsibilities and industry demands.,"Current Affairs, History, Flask, Statistics, NLP, Linux, Cybersecurity"
Software Tester,Tech,A role as a Software Tester focusing on core responsibilities and industry demands.,"Blockchain, History, JavaScript, Deep Learning"
AI Engineer,Tech,A role as a AI Engineer focusing on core responsibilities and industry demands.,"Cloud, Statistics, Flask, Polity, Blockchain"
Software Tester,Tech,A role as a Software Tester focusing on core responsibilities and industry demands.,"Data Structures, Cybersecurity, Node.js, NLP, Ethics, Git"
Software Tester,Tech,A role as a Software Tester focusing on core responsibilities and industry demands.,"Blockchain, JavaScript, History, Teamwork"
ML Engineer,Tech,A role as a ML Engineer focusing on core responsibilities and industry demands.,"Node.js, SQL, Django, Git, Ethics, Cloud"
ML Engineer,Tech,A role as a ML Engineer focusing on core responsibilities and industry demands.,"Flask, Algorithms, Teamwork, Data Structures, Cybersecurity, C++, Cloud"
Research Scholar,Academics,A role as a Research Scholar focusing on core responsibilities and industry demands.,"Blockchain, Linux, Ethics, NLP"
Software Tester,Tech,A role as a Software Tester focusing on core responsibilities and industry demands.,"Communication, Teamwork, Critical Thinking, REST APIs"
UI/UX Designer,Design,A role as a UI/UX Designer focusing on core responsibilities and industry demands.,"Polity, JavaScript, Cloud, Blockchain, Deep Learning, Linux, Django"
Game Developer,Tech,A role as a Game Developer focusing on core responsibilities and industry demands.,"SQL, C++, Current Affairs, Computer Vision, JavaScript"
Data Scientist,Tech,A role as a Data Scientist focusing on core responsibilities and industry demands.,"Statistics, Machine Learning, Linux, React, Ethics, Deep Learning"
Technical Writer,Content,A role as a Technical Writer focusing on core responsibilities and industry demands.,"HTML, Cloud, Teamwork, Flask"
Data Scientist,Tech,A role as a Data Scientist focusing on core responsibilities and industry demands.,"History, Deep Learning, CSS, Communication, Linux"
Game Developer,Tech,A role as a Game Developer focusing on core responsibilities and industry demands.,"NLP, C++, Linux, Critical Thinking, CSS, REST APIs, Blockchain"
UI/UX Designer,Design,A role as a UI/UX Designer focusing on core responsibilities and industry demands.,"NLP, Cybersecurity, Flask, Cloud"
Game Developer,Tech,A role as a Game Developer focusing on core responsibilities and industry demands.,"Teamwork, HTML, React, Polity, Blockchain"
Blockchain Developer,Tech,A role as a Blockchain Developer focusing on core responsibilities and industry demands.,"Critical Thinking, React, Algorithms, Computer Vision"
Data Scientist,Tech,A role as a Data Scientist focusing on core responsibilities and industry demands.,"Blockchain, C++, Leadership, Teamwork, History, CSS, Data Structures"
Cybersecurity Analyst,Tech,A role as a Cybersecurity Analyst focusing on core responsibilities and industry demands.,"Java, Django, History, Communication"
Backend Developer,Tech,A role as a Backend Developer focusing on core responsibilities and industry demands.,"Linux, CSS, Cloud, Python, Computer Vision, SQL, React"
DevOps Engineer,Tech,A role as a DevOps Engineer focusing on core responsibilities and industry demands.,"Blockchain, Algorithms, REST APIs, Polity, Critical Thinking, Cloud, Django"
Technical Writer,Content,A role as a Technical Writer focusing on core responsibilities and industry demands.,"Statistics, Git, Computer Vision, Critical Thinking, Java, Machine Learning"
GRE Aspirant,Exam,A role as a GRE Aspirant focusing on core responsibilities and industry demands.,"Critical Thinking, JavaScript, Python, Polity, Deep Learning"
Technical Writer,Content,A role as a Technical Writer focusing on core responsibilities and industry demands.,"Linux, Cybersecurity, Leadership, CSS, Flask, HTML, Critical Thinking"
Technical Writer,Content,A role as a Technical Writer focusing on core responsibilities and industry demands.,"Statistics, Leadership, Flask, NLP"
DevOps Engineer,Tech,A role as a DevOps Engineer focusing on core responsibilities and industry demands.,"Linux, React, Django, Polity, JavaScript, Java, Flask"
ML Engineer,Tech,A role as a ML Engineer focusing on core responsibilities and industry demands.,"Leadership, Data Structures, Teamwork, Git"
Cloud Architect,Tech,A role as a Cloud Architect focusing on core responsibilities and industry demands.,"Flask, Polity, JavaScript, React, Python, Communication"
Cloud Architect,Tech,A role as a Cloud Architect focusing on core responsibilities and industry demands.,"Polity, Computer Vision, Machine Learning, Leadership, SQL, CSS, Node.js"
Blockchain Developer,Tech,A role as a Blockchain Developer focusing on core responsibilities and industry demands.,"Critical Thinking, Git, History, Python, Django"
Research Scholar,Academics,A role as a Research Scholar focusing on core responsibilities and industry demands.,"Cybersecurity, Flask, Computer Vision, REST APIs, NLP"
Blockchain Developer,Tech,A role as a Blockchain Developer focusing on core responsibilities and industry demands.,"REST APIs, Teamwork, Linux, Deep Learning, Django"
Software Tester,Tech,A role as a Software Tester focusing on core responsibilities and industry demands.,"Blockchain, Deep Learning, Polity, Cybersecurity, SQL, Machine Learning"
Technical Writer,Content,A role as a Technical Writer focusing on core responsibilities and industry demands.,"Machine Learning, Java, Leadership, SQL"
Bank PO,Government,A role as a Bank PO focusing on core responsibilities and industry demands.,"Data Structures, Java, Statistics, Computer Vision, Machine Learning"
