question_id,question_text,option_a,option_b,option_c,option_d,correct_option,category
1,This is sample question 1 evaluating logic.,Agree,Strongly Disagree,Disagree,Neutral,D,Logic
2,This is sample question 2 evaluating interest.,Agree,Neutral,Strongly Agree,Strongly Disagree,A,Personality
3,This is sample question 3 evaluating logic.,Neutral,Strongly Agree,Agree,Disagree,C,Personality
4,This is sample question 4 evaluating interest.,Strongly Agree,Neutral,Agree,Disagree,B,Personality
5,This is sample question 5 evaluating personality.,Strongly Disagree,Neutral,Strongly Agree,Agree,B,Interest
6,This is sample question 6 evaluating interest.,Disagree,Strongly Disagree,Neutral,Strongly Agree,A,Personality
7,This is sample question 7 evaluating personality.,Disagree,Agree,Neutral,Strongly Agree,A,Logic
8,This is sample question 8 evaluating logic.,Disagree,Neutral,Strongly Disagree,Agree,D,Logic
9,This is sample question 9 evaluating logic.,Agree,Strongly Agree,Disagree,Neutral,B,Logic
10,This is sample question 10 evaluating personality.,Strongly Disagree,Disagree,Neutral,Strongly Agree,B,Aptitude
11,This is sample question 11 evaluating interest.,Strongly Disagree,Agree,Neutral,Strongly Agree,C,Logic
12,This is sample question 12 evaluating logic.,Agree,Neutral,Disagree,Strongly Agree,A,Aptitude
13,This is sample question 13 evaluating interest.,Agree,Disagree,Strongly Agree,Neutral,D,Personality
14,This is sample question 14 evaluating aptitude.,Strongly Disagree,Neutral,Disagree,Strongly Agree,B,Logic
15,This is sample question 15 evaluating interest.,Strongly Agree,Agree,Disagree,Neutral,C,Interest
16,This is sample question 16 evaluating personality.,Strongly Agree,Strongly Disagree,Agree,Neutral,D,Interest
17,This is sample question 17 evaluating interest.,Disagree,Strongly Disagree,Strongly Agree,Neutral,A,Interest
18,This is sample question 18 evaluating personality.,Disagree,Neutral,Agree,Strongly Agree,D,Interest
19,This is sample question 19 evaluating aptitude.,Agree,Neutral,Disagree,Strongly Agree,A,Personality
20,This is sample question 20 evaluating interest.,Agree,Strongly Disagree,Disagree,Neutral,B,Logic
21,This is sample question 21 evaluating personality.,Strongly Agree,Neutral,Agree,Disagree,B,Personality
22,This is sample question 22 evaluating personality.,Strongly Disagree,Neutral,Strongly Agree,Agree,D,Aptitude
23,This is sample question 23 evaluating logic.,Disagree,Neutral,Strongly Disagree,Agree,C,Logic
24,This is sample question 24 evaluating logic.,Neutral,Agree,Strongly Disagree,Disagree,B,Interest
25,This is sample question 25 evaluating logic.,Agree,Strongly Agree,Neutral,Strongly Disagree,B,Aptitude
26,This is sample question 26 evaluating logic.,Agree,Disagree,Strongly Disagree,Neutral,D,Logic
27,This is sample question 27 evaluating aptitude.,Agree,Strongly Agree,Disagree,Neutral,C,Logic
28,This is sample question 28 evaluating interest.,Disagree,Strongly Disagree,Strongly Agree,Agree,B,Logic
29,This is sample question 29 evaluating logic.,Neutral,Agree,Strongly Agree,Disagree,B,Interest
30,This is sample question 30 evaluating logic.,Strongly Disagree,Agree,Strongly Agree,Disagree,B,Aptitude
31,This is sample question 31 evaluating interest.,Strongly Agree,Neutral,Strongly Disagree,Agree,C,Logic
32,This is sample question 32 evaluating personality.,Strongly Agree,Neutral,Disagree,Strongly Disagree,B,Personality
33,This is sample question 33 evaluating interest.,Strongly Disagree,Neutral,Strongly Agree,Disagree,D,Personality
34,This is sample question 34 evaluating interest.,Neutral,Strongly Disagree,Disagree,Strongly Agree,A,Logic
35,This is sample question 35 evaluating logic.,Disagree,Strongly Disagree,Neutral,Agree,A,Logic
36,This is sample question 36 evaluating logic.,Strongly Agree,Strongly Disagree,Agree,Neutral,B,Aptitude
37,This is sample question 37 evaluating logic.,Strongly Disagree,Neutral,Agree,Strongly Agree,A,Aptitude
38,This is sample question 38 evaluating logic.,Neutral,Strongly Agree,Agree,Disagree,D,Personality
39,This is sample question 39 evaluating personality.,Agree,Strongly Agree,Neutral,Disagree,D,Logic
40,This is sample question 40 evaluating interest.,Neutral,Strongly Disagree,Strongly Agree,Agree,C,Logic
41,This is sample question 41 evaluating personality.,Neutral,Agree,Strongly Disagree,Strongly Agree,D,Aptitude
42,This is sample question 42 evaluating logic.,Strongly Agree,Neutral,Agree,Disagree,B,Personality
43,This is sample question 43 evaluating interest.,Strongly Disagree,Neutral,Strongly Agree,Disagree,A,Personality
44,This is sample question 44 evaluating personality.,Strongly Disagree,Disagree,Agree,Strongly Agree,A,Personality
45,This is sample question 45 evaluating personality.,Agree,Strongly Disagree,Neutral,Disagree,D,Logic
46,This is sample question 46 evaluating logic.,Strongly Disagree,Agree,Disagree,Strongly Agree,B,Interest
47,This is sample question 47 evaluating interest.,Disagree,Strongly Disagree,Strongly Agree,Agree,A,Aptitude
48,This is sample question 48 evaluating interest.,Strongly Agree,Disagree,Strongly Disagree,Neutral,C,Logic
49,This is sample question 49 evaluating aptitude.,Strongly Agree,Agree,Strongly Disagree,Neutral,B,Interest
50,This is sample question 50 evaluating aptitude.,Disagree,Strongly Disagree,Strongly Agree,Agree,C,Personality
51,This is sample question 51 evaluating aptitude.,Disagree,Strongly Agree,Strongly Disagree,Neutral,C,Interest
52,This is sample question 52 evaluating logic.,Disagree,Strongly Disagree,Agree,Strongly Agree,D,Interest
53,This is sample question 53 evaluating interest.,Neutral,Disagree,Strongly Agree,Strongly Disagree,B,Personality
54,This is sample question 54 evaluating interest.,Strongly Agree,Agree,Disagree,Neutral,C,Personality
55,This is sample question 55 evaluating logic.,Disagree,Strongly Disagree,Neutral,Strongly Agree,B,Aptitude
56,This is sample question 56 evaluating interest.,Strongly Agree,Agree,Strongly Disagree,Neutral,C,Logic
57,This is sample question 57 evaluating personality.,Disagree,Neutral,Strongly Agree,Strongly Disagree,B,Aptitude
58,This is sample question 58 evaluating aptitude.,Agree,Disagree,Strongly Disagree,Neutral,A,Logic
59,This is sample question 59 evaluating logic.,Agree,Strongly Agree,Strongly Disagree,Neutral,B,Interest
60,This is sample question 60 evaluating aptitude.,Neutral,Strongly Disagree,Agree,Disagree,B,Logic
61,This is sample question 61 evaluating interest.,Strongly Disagree,Agree,Neutral,Strongly Agree,D,Interest
62,This is sample question 62 evaluating interest.,Neutral,Strongly Agree,Disagree,Agree,D,Aptitude
63,This is sample question 63 evaluating interest.,Strongly Disagree,Agree,Neutral,Strongly Agree,C,Interest
64,This is sample question 64 evaluating personality.,Agree,Neutral,Disagree,Strongly Disagree,D,Logic
65,This is sample question 65 evaluating logic.,Strongly Agree,Disagree,Neutral,Agree,B,Interest
66,This is sample question 66 evaluating personality.,Agree,Disagree,Neutral,Strongly Disagree,D,Aptitude
67,This is sample question 67 evaluating interest.,Agree,Neutral,Strongly Disagree,Disagree,C,Personality
68,This is sample question 68 evaluating personality.,Neutral,Agree,Strongly Agree,Disagree,A,Personality
69,This is sample question 69 evaluating interest.,Agree,Neutral,Strongly Agree,Strongly Disagree,B,Aptitude
70,This is sample question 70 evaluating logic.,Agree,Neutral,Disagree,Strongly Disagree,A,Logic
71,This is sample question 71 evaluating aptitude.,Strongly Agree,Agree,Neutral,Disagree,D,Personality
72,This is sample question 72 evaluating logic.,Strongly Agree,Neutral,Agree,Strongly Disagree,D,Logic
73,This is sample question 73 evaluating personality.,Strongly Disagree,Neutral,Agree,Disagree,A,Interest
74,This is sample question 74 evaluating personality.,Neutral,Disagree,Strongly Disagree,Agree,B,Aptitude
75,This is sample question 75 evaluating interest.,Disagree,Neutral,Strongly Agree,Agree,A,Personality
76,This is sample question 76 evaluating logic.,Disagree,Strongly Agree,Neutral,Agree,A,Aptitude
77,This is sample question 77 evaluating interest.,Neutral,Strongly Disagree,Disagree,Strongly Agree,C,Logic
78,This is sample question 78 evaluating interest.,Agree,Disagree,Strongly Agree,Strongly Disagree,B,Interest
79,This is sample question 79 evaluating interest.,Neutral,Disagree,Strongly Disagree,Agree,A,Interest
80,This is sample question 80 evaluating interest.,Neutral,Strongly Agree,Disagree,Agree,A,Logic
81,This is sample question 81 evaluating aptitude.,Agree,Strongly Disagree,Disagree,Neutral,B,Interest
82,This is sample question 82 evaluating aptitude.,Neutral,Agree,Strongly Agree,Strongly Disagree,A,Interest
83,This is sample question 83 evaluating logic.,Agree,Strongly Agree,Disagree,Neutral,C,Interest
84,This is sample question 84 evaluating logic.,Strongly Agree,Strongly Disagree,Neutral,Disagree,C,Personality
85,This is sample question 85 evaluating interest.,Neutral,Disagree,Agree,Strongly Disagree,A,Aptitude
86,This is sample question 86 evaluating interest.,Agree,Disagree,Neutral,Strongly Disagree,D,Aptitude
87,This is sample question 87 evaluating logic.,Agree,Strongly Agree,Strongly Disagree,Neutral,A,Aptitude
88,This is sample question 88 evaluating personality.,Disagree,Strongly Disagree,Strongly Agree,Neutral,D,Interest
89,This is sample question 89 evaluating personality.,Neutral,Strongly Agree,Agree,Disagree,A,Personality
90,This is sample question 90 evaluating aptitude.,Strongly Disagree,Strongly Agree,Agree,Neutral,B,Aptitude
91,This is sample question 91 evaluating aptitude.,Strongly Disagree,Strongly Agree,Neutral,Agree,A,Logic
92,This is sample question 92 evaluating aptitude.,Disagree,Agree,Neutral,Strongly Disagree,B,Interest
93,This is sample question 93 evaluating interest.,Strongly Disagree,Neutral,Agree,Strongly Agree,D,Interest
94,This is sample question 94 evaluating logic.,Disagree,Strongly Disagree,Strongly Agree,Agree,B,Interest
95,This is sample question 95 evaluating personality.,Strongly Agree,Agree,Neutral,Strongly Disagree,C,Logic
96,This is sample question 96 evaluating personality.,Strongly Disagree,Neutral,Agree,Disagree,D,Logic
97,This is sample question 97 evaluating interest.,Agree,Neutral,Strongly Disagree,Disagree,D,Aptitude
98,This is sample question 98 evaluating logic.,Disagree,Strongly Disagree,Strongly Agree,Agree,C,Logic
99,This is sample question 99 evaluating aptitude.,Strongly Disagree,Agree,Disagree,Neutral,D,Personality
100,This is sample question 100 evaluating aptitude.,Strongly Disagree,Strongly Agree,Agree,Neutral,C,Personality
101,This is sample question 101 evaluating interest.,Strongly Agree,Agree,Neutral,Disagree,A,Personality
102,This is sample question 102 evaluating interest.,Neutral,Strongly Disagree,Disagree,Strongly Agree,C,Aptitude
103,This is sample question 103 evaluating personality.,Neutral,Disagree,Strongly Agree,Strongly Disagree,B,Personality
104,This is sample question 104 evaluating interest.,Disagree,Agree,Neutral,Strongly Agree,A,Personality
105,This is sample question 105 evaluating logic.,Neutral,Disagree,Agree,Strongly Disagree,D,Interest
106,This is sample question 106 evaluating aptitude.,Agree,Neutral,Strongly Agree,Disagree,B,Logic
107,This is sample question 107 evaluating logic.,Neutral,Agree,Disagree,Strongly Agree,C,Aptitude
108,This is sample question 108 evaluating interest.,Neutral,Disagree,Agree,Strongly Agree,D,Logic
109,This is sample question 109 evaluating personality.,Agree,Strongly Disagree,Disagree,Neutral,C,Logic
110,This is sample question 110 evaluating interest.,Strongly Disagree,Disagree,Strongly Agree,Agree,B,Personality
111,This is sample question 111 evaluating personality.,Agree,Strongly Disagree,Disagree,Strongly Agree,D,Interest
112,This is sample question 112 evaluating interest.,Disagree,Neutral,Agree,Strongly Disagree,D,Aptitude
113,This is sample question 113 evaluating interest.,Strongly Disagree,Agree,Neutral,Strongly Agree,B,Aptitude
114,This is sample question 114 evaluating interest.,Strongly Agree,Neutral,Strongly Disagree,Agree,C,Personality
115,This is sample question 115 evaluating interest.,Strongly Disagree,Agree,Strongly Agree,Neutral,A,Logic
116,This is sample question 116 evaluating logic.,Agree,Strongly Agree,Strongly Disagree,Disagree,D,Personality
117,This is sample question 117 evaluating aptitude.,Strongly Disagree,Agree,Strongly Agree,Disagree,D,Interest
118,This is sample question 118 evaluating aptitude.,Agree,Strongly Agree,Strongly Disagree,Disagree,A,Personality
119,This is sample question 119 evaluating personality.,Agree,Strongly Disagree,Strongly Agree,Neutral,B,Personality
120,This is sample question 120 evaluating logic.,Strongly Disagree,Neutral,Disagree,Agree,B,Personality
121,This is sample question 121 evaluating logic.,Disagree,Strongly Agree,Agree,Strongly Disagree,A,Logic
122,This is sample question 122 evaluating aptitude.,Neutral,Strongly Disagree,Agree,Strongly Agree,A,Logic
123,This is sample question 123 evaluating interest.,Strongly Disagree,Disagree,Agree,Strongly Agree,D,Aptitude
124,This is sample question 124 evaluating interest.,Strongly Disagree,Strongly Agree,Disagree,Agree,D,Logic
125,This is sample question 125 evaluating interest.,Disagree,Strongly Disagree,Neutral,Agree,C,Interest
126,This is sample question 126 evaluating aptitude.,Strongly Agree,Strongly Disagree,Agree,Neutral,A,Aptitude
127,This is sample question 127 evaluating personality.,Disagree,Agree,Neutral,Strongly Disagree,C,Aptitude
128,This is sample question 128 evaluating interest.,Neutral,Strongly Agree,Disagree,Strongly Disagree,B,Personality
129,This is sample question 129 evaluating interest.,Disagree,Agree,Neutral,Strongly Disagree,A,Interest
130,This is sample question 130 evaluating interest.,Neutral,Strongly Disagree,Disagree,Agree,B,Logic
131,This is sample question 131 evaluating aptitude.,Strongly Agree,Agree,Disagree,Neutral,B,Logic
132,This is sample question 132 evaluating aptitude.,Disagree,Strongly Agree,Neutral,Strongly Disagree,A,Aptitude
133,This is sample question 133 evaluating interest.,Disagree,Agree,Neutral,Strongly Disagree,A,Aptitude
134,This is sample question 134 evaluating personality.,Agree,Neutral,Disagree,Strongly Agree,C,Interest
135,This is sample question 135 evaluating personality.,Strongly Agree,Agree,Neutral,Disagree,B,Interest
136,This is sample question 136 evaluating personality.,Agree,Strongly Agree,Disagree,Strongly Disagree,B,Personality
137,This is sample question 137 evaluating logic.,Disagree,Agree,Neutral,Strongly Disagree,C,Logic
138,This is sample question 138 evaluating aptitude.,Agree,Strongly Agree,Neutral,Disagree,A,Aptitude
139,This is sample question 139 evaluating logic.,Strongly Disagree,Neutral,Agree,Strongly Agree,D,Aptitude
140,This is sample question 140 evaluating interest.,Agree,Neutral,Strongly Agree,Disagree,A,Interest
141,This is sample question 141 evaluating personality.,Disagree,Agree,Neutral,Strongly Agree,D,Logic
142,This is sample question 142 evaluating interest.,Neutral,Strongly Agree,Agree,Disagree,C,Aptitude
143,This is sample question 143 evaluating interest.,Strongly Agree,Neutral,Disagree,Agree,C,Aptitude
144,This is sample question 144 evaluating interest.,Strongly Disagree,Disagree,Agree,Neutral,A,Interest
145,This is sample question 145 evaluating aptitude.,Strongly Disagree,Neutral,Disagree,Strongly Agree,C,Logic
146,This is sample question 146 evaluating interest.,Neutral,Agree,Disagree,Strongly Agree,A,Aptitude
147,This is sample question 147 evaluating logic.,Strongly Disagree,Neutral,Strongly Agree,Agree,C,Interest
148,This is sample question 148 evaluating interest.,Agree,Strongly Disagree,Neutral,Disagree,D,Aptitude
149,This is sample question 149 evaluating personality.,Neutral,Agree,Disagree,Strongly Agree,A,Logic
150,This is sample question 150 evaluating interest.,Strongly Agree,Agree,Neutral,Disagree,D,Interest
151,This is sample question 151 evaluating logic.,Agree,Strongly Disagree,Neutral,Disagree,C,Logic
152,This is sample question 152 evaluating logic.,Strongly Agree,Strongly Disagree,Neutral,Disagree,C,Interest
153,This is sample question 153 evaluating aptitude.,Disagree,Strongly Disagree,Strongly Agree,Agree,A,Aptitude
154,This is sample question 154 evaluating logic.,Agree,Neutral,Disagree,Strongly Agree,A,Aptitude
155,This is sample question 155 evaluating aptitude.,Disagree,Neutral,Agree,Strongly Agree,B,Interest
156,This is sample question 156 evaluating personality.,Disagree,Neutral,Strongly Disagree,Strongly Agree,D,Interest
157,This is sample question 157 evaluating aptitude.,Strongly Disagree,Disagree,Strongly Agree,Agree,A,Aptitude
158,This is sample question 158 evaluating interest.,Agree,Strongly Disagree,Disagree,Neutral,C,Personality
159,This is sample question 159 evaluating aptitude.,Disagree,Agree,Neutral,Strongly Agree,C,Personality
160,This is sample question 160 evaluating logic.,Strongly Disagree,Strongly Agree,Disagree,Agree,C,Aptitude
161,This is sample question 161 evaluating interest.,Strongly Agree,Strongly Disagree,Disagree,Agree,D,Personality
162,This is sample question 162 evaluating personality.,Strongly Agree,Strongly Disagree,Agree,Neutral,A,Personality
163,This is sample question 163 evaluating interest.,Neutral,Disagree,Strongly Agree,Strongly Disagree,C,Interest
164,This is sample question 164 evaluating personality.,Agree,Neutral,Strongly Disagree,Strongly Agree,B,Logic
165,This is sample question 165 evaluating personality.,Strongly Disagree,Disagree,Neutral,Strongly Agree,B,Logic
166,This is sample question 166 evaluating personality.,Disagree,Strongly Agree,Strongly Disagree,Neutral,C,Aptitude
167,This is sample question 167 evaluating logic.,Strongly Agree,Neutral,Strongly Disagree,Disagree,B,Interest
168,This is sample question 168 evaluating personality.,Disagree,Agree,Neutral,Strongly Agree,A,Logic
169,This is sample question 169 evaluating logic.,Strongly Disagree,Disagree,Agree,Strongly Agree,C,Interest
170,This is sample question 170 evaluating interest.,Strongly Agree,Neutral,Strongly Disagree,Disagree,B,Interest
171,This is sample question 171 evaluating personality.,Neutral,Strongly Disagree,Disagree,Strongly Agree,B,Logic
172,This is sample question 172 evaluating aptitude.,Strongly Agree,Neutral,Agree,Strongly Disagree,A,Logic
173,This is sample question 173 evaluating interest.,Disagree,Strongly Disagree,Agree,Strongly Agree,C,Interest
174,This is sample question 174 evaluating logic.,Neutral,Agree,Disagree,Strongly Agree,C,Interest
175,This is sample question 175 evaluating interest.,Strongly Disagree,Strongly Agree,Disagree,Neutral,A,Personality
176,This is sample question 176 evaluating personality.,Agree,Neutral,Disagree,Strongly Agree,C,Logic
177,This is sample question 177 evaluating aptitude.,Disagree,Agree,Neutral,Strongly Disagree,C,Interest
178,This is sample question 178 evaluating logic.,Disagree,Agree,Strongly Agree,Strongly Disagree,D,Interest
179,This is sample question 179 evaluating logic.,Disagree,Neutral,Strongly Disagree,Agree,D,Logic
180,This is sample question 180 evaluating aptitude.,Strongly Agree,Disagree,Agree,Neutral,D,Interest
181,This is sample question 181 evaluating interest.,Agree,Strongly Disagree,Disagree,Neutral,A,Logic
182,This is sample question 182 evaluating aptitude.,Strongly Disagree,Neutral,Disagree,Agree,B,Personality
183,This is sample question 183 evaluating aptitude.,Strongly Disagree,Agree,Strongly Agree,Neutral,D,Aptitude
184,This is sample question 184 evaluating interest.,Strongly Disagree,Strongly Agree,Neutral,Disagree,B,Interest
185,This is sample question 185 evaluating interest.,Strongly Agree,Strongly Disagree,Agree,Neutral,C,Logic
186,This is sample question 186 evaluating interest.,Disagree,Neutral,Strongly Agree,Agree,C,Logic
187,This is sample question 187 evaluating logic.,Strongly Disagree,Disagree,Strongly Agree,Neutral,A,Logic
188,This is sample question 188 evaluating aptitude.,Disagree,Neutral,Strongly Agree,Agree,D,Personality
189,This is sample question 189 evaluating interest.,Agree,Disagree,Strongly Disagree,Neutral,A,Interest
190,This is sample question 190 evaluating personality.,Strongly Agree,Disagree,Neutral,Strongly Disagree,A,Logic
191,This is sample question 191 evaluating aptitude.,Disagree,Agree,Neutral,Strongly Agree,D,Interest
192,This is sample question 192 evaluating logic.,Neutral,Agree,Disagree,Strongly Agree,C,Interest
193,This is sample question 193 evaluating interest.,Strongly Agree,Disagree,Agree,Strongly Disagree,C,Logic
194,This is sample question 194 evaluating personality.,Neutral,Strongly Disagree,Strongly Agree,Agree,B,Interest
195,This is sample question 195 evaluating personality.,Neutral,Strongly Disagree,Strongly Agree,Disagree,B,Interest
196,This is sample question 196 evaluating interest.,Disagree,Strongly Disagree,Strongly Agree,Agree,C,Interest
197,This is sample question 197 evaluating personality.,Strongly Disagree,Neutral,Strongly Agree,Agree,C,Interest
198,This is sample question 198 evaluating aptitude.,Neutral,Strongly Disagree,Disagree,Agree,B,Aptitude
199,This is sample question 199 evaluating personality.,Disagree,Strongly Agree,Agree,Neutral,C,Aptitude
200,This is sample question 200 evaluating aptitude.,Strongly Agree,Disagree,Strongly Disagree,Agree,D,Aptitude
201,This is sample question 201 evaluating logic.,Disagree,Neutral,Strongly Disagree,Strongly Agree,C,Logic
202,This is sample question 202 evaluating personality.,Strongly Agree,Strongly Disagree,Disagree,Neutral,C,Logic
203,This is sample question 203 evaluating personality.,Strongly Disagree,Disagree,Strongly Agree,Neutral,B,Aptitude
204,This is sample question 204 evaluating logic.,Disagree,Strongly Disagree,Strongly Agree,Agree,B,Interest
205,This is sample question 205 evaluating personality.,Strongly Disagree,Neutral,Agree,Strongly Agree,C,Logic
206,This is sample question 206 evaluating personality.,Strongly Agree,Disagree,Neutral,Agree,D,Interest
207,This is sample question 207 evaluating personality.,Strongly Disagree,Strongly Agree,Agree,Neutral,A,Aptitude
208,This is sample question 208 evaluating personality.,Strongly Agree,Strongly Disagree,Disagree,Neutral,C,Interest
209,This is sample question 209 evaluating aptitude.,Disagree,Agree,Strongly Disagree,Strongly Agree,D,Personality
210,This is sample question 210 evaluating logic.,Strongly Agree,Neutral,Strongly Disagree,Disagree,C,Personality
211,This is sample question 211 evaluating logic.,Strongly Disagree,Disagree,Strongly Agree,Neutral,D,Logic
212,This is sample question 212 evaluating interest.,Strongly Disagree,Neutral,Strongly Agree,Disagree,B,Interest
213,This is sample question 213 evaluating personality.,Strongly Disagree,Disagree,Neutral,Strongly Agree,B,Interest
214,This is sample question 214 evaluating logic.,Neutral,Strongly Agree,Disagree,Strongly Disagree,D,Interest
215,This is sample question 215 evaluating interest.,Strongly Disagree,Agree,Neutral,Disagree,D,Aptitude
216,This is sample question 216 evaluating personality.,Disagree,Strongly Agree,Neutral,Agree,D,Aptitude
217,This is sample question 217 evaluating aptitude.,Strongly Disagree,Neutral,Strongly Agree,Agree,B,Aptitude
218,This is sample question 218 evaluating aptitude.,Strongly Disagree,Strongly Agree,Agree,Disagree,A,Interest
219,This is sample question 219 evaluating logic.,Disagree,Strongly Disagree,Agree,Strongly Agree,A,Interest
220,This is sample question 220 evaluating aptitude.,Strongly Agree,Strongly Disagree,Neutral,Disagree,B,Interest
221,This is sample question 221 evaluating logic.,Agree,Disagree,Strongly Agree,Neutral,C,Aptitude
222,This is sample question 222 evaluating personality.,Disagree,Neutral,Strongly Disagree,Agree,D,Aptitude
223,This is sample question 223 evaluating aptitude.,Strongly Agree,Strongly Disagree,Agree,Neutral,C,Aptitude
224,This is sample question 224 evaluating logic.,Disagree,Strongly Disagree,Agree,Neutral,B,Interest
225,This is sample question 225 evaluating aptitude.,Strongly Agree,Neutral,Agree,Disagree,C,Personality
226,This is sample question 226 evaluating interest.,Agree,Strongly Agree,Neutral,Disagree,C,Personality
227,This is sample question 227 evaluating logic.,Neutral,Strongly Disagree,Disagree,Agree,A,Interest
228,This is sample question 228 evaluating personality.,Strongly Disagree,Strongly Agree,Disagree,Neutral,D,Logic
229,This is sample question 229 evaluating personality.,Disagree,Neutral,Agree,Strongly Agree,D,Aptitude
230,This is sample question 230 evaluating logic.,Neutral,Strongly Agree,Strongly Disagree,Disagree,C,Logic
231,This is sample question 231 evaluating interest.,Strongly Agree,Agree,Neutral,Disagree,C,Aptitude
232,This is sample question 232 evaluating personality.,Neutral,Agree,Disagree,Strongly Disagree,D,Personality
233,This is sample question 233 evaluating aptitude.,Strongly Disagree,Strongly Agree,Disagree,Neutral,D,Personality
234,This is sample question 234 evaluating interest.,Disagree,Strongly Agree,Neutral,Strongly Disagree,C,Personality
235,This is sample question 235 evaluating aptitude.,Agree,Strongly Agree,Strongly Disagree,Disagree,C,Personality
236,This is sample question 236 evaluating interest.,Strongly Disagree,Strongly Agree,Disagree,Agree,A,Aptitude
237,This is sample question 237 evaluating personality.,Neutral,Strongly Disagree,Strongly Agree,Agree,C,Personality
238,This is sample question 238 evaluating personality.,Strongly Disagree,Agree,Disagree,Neutral,B,Personality
239,This is sample question 239 evaluating logic.,Strongly Disagree,Disagree,Strongly Agree,Neutral,D,Personality
240,This is sample question 240 evaluating personality.,Disagree,Strongly Disagree,Agree,Strongly Agree,A,Logic
241,This is sample question 241 evaluating interest.,Strongly Agree,Disagree,Agree,Neutral,A,Aptitude
242,This is sample question 242 evaluating logic.,Agree,Disagree,Neutral,Strongly Disagree,B,Interest
243,This is sample question 243 evaluating interest.,Strongly Agree,Strongly Disagree,Disagree,Agree,D,Logic
244,This is sample question 244 evaluating aptitude.,Strongly Agree,Strongly Disagree,Neutral,Agree,A,Personality
245,This is sample question 245 evaluating personality.,Neutral,Strongly Disagree,Strongly Agree,Disagree,B,Personality
246,This is sample question 246 evaluating interest.,Disagree,Agree,Strongly Disagree,Strongly Agree,D,Aptitude
247,This is sample question 247 evaluating logic.,Agree,Strongly Agree,Strongly Disagree,Disagree,A,Interest
248,This is sample question 248 evaluating personality.,Strongly Agree,Neutral,Strongly Disagree,Disagree,D,Personality
249,This is sample question 249 evaluating logic.,Neutral,Strongly Disagree,Agree,Strongly Agree,A,Aptitude
250,This is sample question 250 evaluating interest.,Strongly Agree,Neutral,Strongly Disagree,Disagree,C,Interest
251,This is sample question 251 evaluating aptitude.,Strongly Agree,Strongly Disagree,Agree,Neutral,D,Logic
252,This is sample question 252 evaluating personality.,Agree,Strongly Disagree,Neutral,Disagree,A,Personality
253,This is sample question 253 evaluating interest.,Strongly Disagree,Agree,Neutral,Strongly Agree,D,Interest
254,This is sample question 254 evaluating personality.,Strongly Disagree,Strongly Agree,Agree,Neutral,D,Interest
255,This is sample question 255 evaluating logic.,Neutral,Strongly Disagree,Strongly Agree,Disagree,A,Interest
256,This is sample question 256 evaluating logic.,Neutral,Disagree,Agree,Strongly Agree,C,Logic
257,This is sample question 257 evaluating logic.,Strongly Disagree,Disagree,Agree,Strongly Agree,C,Personality
258,This is sample question 258 evaluating interest.,Agree,Strongly Agree,Strongly Disagree,Neutral,C,Personality
259,This is sample question 259 evaluating aptitude.,Neutral,Agree,Strongly Agree,Strongly Disagree,C,Logic
260,This is sample question 260 evaluating personality.,Disagree,Strongly Agree,Agree,Neutral,B,Aptitude
261,This is sample question 261 evaluating interest.,Strongly Disagree,Disagree,Strongly Agree,Neutral,D,Logic
262,This is sample question 262 evaluating personality.,Disagree,Strongly Disagree,Neutral,Strongly Agree,B,Interest
263,This is sample question 263 evaluating personality.,Agree,Disagree,Neutral,Strongly Disagree,C,Personality
264,This is sample question 264 evaluating interest.,Neutral,Disagree,Agree,Strongly Disagree,B,Personality
265,This is sample question 265 evaluating logic.,Neutral,Strongly Disagree,Strongly Agree,Agree,C,Personality
266,This is sample question 266 evaluating personality.,Disagree,Strongly Disagree,Strongly Agree,Agree,C,Logic
267,This is sample question 267 evaluating aptitude.,Disagree,Strongly Disagree,Neutral,Strongly Agree,B,Logic
268,This is sample question 268 evaluating personality.,Strongly Disagree,Agree,Neutral,Strongly Agree,D,Personality
269,This is sample question 269 evaluating personality.,Agree,Neutral,Strongly Disagree,Strongly Agree,C,Personality
270,This is sample question 270 evaluating aptitude.,Disagree,Strongly Disagree,Agree,Strongly Agree,C,Aptitude
271,This is sample question 271 evaluating personality.,Disagree,Strongly Disagree,Neutral,Agree,C,Interest
272,This is sample question 272 evaluating interest.,Agree,Neutral,Disagree,Strongly Disagree,D,Aptitude
273,This is sample question 273 evaluating personality.,Agree,Neutral,Strongly Agree,Strongly Disagree,C,Logic
274,This is sample question 274 evaluating interest.,Neutral,Disagree,Agree,Strongly Agree,B,Personality
275,This is sample question 275 evaluating aptitude.,Strongly Agree,Disagree,Agree,Neutral,B,Aptitude
276,This is sample question 276 evaluating logic.,Agree,Neutral,Strongly Agree,Disagree,D,Personality
277,This is sample question 277 evaluating interest.,Disagree,Agree,Strongly Agree,Strongly Disagree,D,Personality
278,This is sample question 278 evaluating logic.,Neutral,Strongly Disagree,Agree,Strongly Agree,D,Aptitude
279,This is sample question 279 evaluating personality.,Strongly Disagree,Disagree,Agree,Neutral,C,Personality
280,This is sample question 280 evaluating aptitude.,Neutral,Strongly Agree,Disagree,Strongly Disagree,A,Aptitude
281,This is sample question 281 evaluating personality.,Neutral,Strongly Agree,Agree,Strongly Disagree,D,Personality
282,This is sample question 282 evaluating personality.,Strongly Agree,Disagree,Strongly Disagree,Agree,C,Logic
283,This is sample question 283 evaluating logic.,Agree,Disagree,Strongly Agree,Strongly Disagree,D,Personality
284,This is sample question 284 evaluating logic.,Disagree,Neutral,Strongly Disagree,Strongly Agree,B,Interest
285,This is sample question 285 evaluating interest.,Disagree,Strongly Disagree,Strongly Agree,Neutral,A,Logic
286,This is sample question 286 evaluating logic.,Strongly Agree,Agree,Neutral,Disagree,A,Interest
287,This is sample question 287 evaluating logic.,Strongly Disagree,Strongly Agree,Agree,Disagree,A,Personality
288,This is sample question 288 evaluating aptitude.,Agree,Disagree,Neutral,Strongly Disagree,B,Personality
289,This is sample question 289 evaluating logic.,Strongly Disagree,Strongly Agree,Neutral,Disagree,B,Interest
290,This is sample question 290 evaluating logic.,Strongly Agree,Neutral,Strongly Disagree,Agree,D,Logic
291,This is sample question 291 evaluating personality.,Disagree,Neutral,Strongly Agree,Agree,B,Logic
292,This is sample question 292 evaluating interest.,Strongly Agree,Disagree,Neutral,Agree,A,Logic
293,This is sample question 293 evaluating logic.,Strongly Agree,Neutral,Agree,Disagree,B,Logic
294,This is sample question 294 evaluating aptitude.,Strongly Disagree,Disagree,Neutral,Agree,D,Personality
295,This is sample question 295 evaluating logic.,Agree,Disagree,Strongly Agree,Strongly Disagree,D,Logic
296,This is sample question 296 evaluating personality.,Disagree,Strongly Disagree,Strongly Agree,Agree,C,Logic
297,This is sample question 297 evaluating interest.,Strongly Agree,Disagree,Strongly Disagree,Neutral,B,Logic
298,This is sample question 298 evaluating interest.,Neutral,Strongly Agree,Strongly Disagree,Disagree,C,Logic
299,This is sample question 299 evaluating personality.,Strongly Agree,Agree,Neutral,Strongly Disagree,B,Personality
300,This is sample question 300 evaluating aptitude.,Disagree,Agree,Neutral,Strongly Agree,A,Aptitude
301,This is sample question 301 evaluating logic.,Agree,Strongly Agree,Neutral,Disagree,C,Personality
302,This is sample question 302 evaluating interest.,Strongly Agree,Agree,Strongly Disagree,Disagree,A,Personality
303,This is sample question 303 evaluating interest.,Strongly Agree,Agree,Disagree,Strongly Disagree,B,Logic
304,This is sample question 304 evaluating personality.,Agree,Strongly Agree,Strongly Disagree,Neutral,C,Interest
305,This is sample question 305 evaluating aptitude.,Strongly Agree,Disagree,Agree,Neutral,C,Logic
306,This is sample question 306 evaluating personality.,Strongly Disagree,Agree,Disagree,Strongly Agree,D,Logic
307,This is sample question 307 evaluating logic.,Neutral,Agree,Strongly Disagree,Strongly Agree,A,Aptitude
308,This is sample question 308 evaluating interest.,Neutral,Strongly Agree,Disagree,Strongly Disagree,C,Personality
309,This is sample question 309 evaluating logic.,Strongly Disagree,Disagree,Agree,Strongly Agree,B,Aptitude
310,This is sample question 310 evaluating personality.,Strongly Agree,Agree,Disagree,Strongly Disagree,A,Interest
311,This is sample question 311 evaluating logic.,Strongly Agree,Strongly Disagree,Agree,Neutral,D,Aptitude
312,This is sample question 312 evaluating logic.,Disagree,Agree,Neutral,Strongly Disagree,C,Logic
313,This is sample question 313 evaluating aptitude.,Strongly Disagree,Agree,Disagree,Neutral,A,Interest
314,This is sample question 314 evaluating personality.,Disagree,Strongly Agree,Agree,Neutral,D,Personality
315,This is sample question 315 evaluating personality.,Strongly Agree,Agree,Disagree,Strongly Disagree,A,Logic
316,This is sample question 316 evaluating aptitude.,Disagree,Neutral,Strongly Disagree,Strongly Agree,D,Interest
317,This is sample question 317 evaluating interest.,Neutral,Strongly Agree,Agree,Strongly Disagree,D,Personality
318,This is sample question 318 evaluating personality.,Neutral,Disagree,Strongly Disagree,Strongly Agree,B,Interest
319,This is sample question 319 evaluating interest.,Neutral,Agree,Disagree,Strongly Disagree,D,Personality
320,This is sample question 320 evaluating logic.,Disagree,Agree,Neutral,Strongly Disagree,B,Personality
321,This is sample question 321 evaluating personality.,Strongly Agree,Neutral,Agree,Disagree,D,Personality
322,This is sample question 322 evaluating aptitude.,Agree,Neutral,Strongly Agree,Disagree,A,Personality
323,This is sample question 323 evaluating aptitude.,Strongly Disagree,Disagree,Strongly Agree,Neutral,B,Logic
324,This is sample question 324 evaluating interest.,Strongly Disagree,Agree,Neutral,Strongly Agree,A,Interest
325,This is sample question 325 evaluating interest.,Disagree,Strongly Disagree,Agree,Strongly Agree,C,Interest
326,This is sample question 326 evaluating aptitude.,Strongly Agree,Disagree,Agree,Strongly Disagree,C,Aptitude
327,This is sample question 327 evaluating aptitude.,Disagree,Agree,Neutral,Strongly Disagree,C,Aptitude
328,This is sample question 328 evaluating interest.,Strongly Disagree,Strongly Agree,Agree,Neutral,B,Interest
329,This is sample question 329 evaluating logic.,Disagree,Strongly Disagree,Neutral,Strongly Agree,D,Aptitude
330,This is sample question 330 evaluating logic.,Disagree,Agree,Strongly Agree,Neutral,D,Logic
331,This is sample question 331 evaluating personality.,Agree,Strongly Disagree,Strongly Agree,Disagree,C,Interest
332,This is sample question 332 evaluating interest.,Neutral,Strongly Disagree,Agree,Strongly Agree,C,Aptitude
333,This is sample question 333 evaluating logic.,Strongly Agree,Agree,Strongly Disagree,Disagree,D,Interest
334,This is sample question 334 evaluating aptitude.,Agree,Strongly Agree,Strongly Disagree,Neutral,A,Personality
335,This is sample question 335 evaluating interest.,Agree,Neutral,Strongly Disagree,Disagree,C,Logic
336,This is sample question 336 evaluating interest.,Strongly Agree,Strongly Disagree,Disagree,Neutral,B,Personality
337,This is sample question 337 evaluating interest.,Strongly Disagree,Neutral,Agree,Disagree,C,Personality
338,This is sample question 338 evaluating aptitude.,Neutral,Strongly Disagree,Strongly Agree,Disagree,D,Personality
339,This is sample question 339 evaluating logic.,Strongly Disagree,Disagree,Strongly Agree,Neutral,A,Logic
340,This is sample question 340 evaluating interest.,Strongly Agree,Strongly Disagree,Disagree,Agree,D,Aptitude
341,This is sample question 341 evaluating logic.,Agree,Strongly Agree,Disagree,Neutral,A,Logic
342,This is sample question 342 evaluating logic.,Strongly Disagree,Agree,Disagree,Neutral,A,Personality
343,This is sample question 343 evaluating personality.,Disagree,Neutral,Strongly Agree,Agree,A,Logic
344,This is sample question 344 evaluating interest.,Strongly Agree,Strongly Disagree,Neutral,Disagree,D,Logic
345,This is sample question 345 evaluating interest.,Agree,Strongly Disagree,Strongly Agree,Disagree,A,Aptitude
346,This is sample question 346 evaluating personality.,Neutral,Disagree,Agree,Strongly Disagree,A,Aptitude
347,This is sample question 347 evaluating logic.,Neutral,Strongly Disagree,Strongly Agree,Disagree,B,Personality
348,This is sample question 348 evaluating aptitude.,Neutral,Disagree,Agree,Strongly Disagree,B,Interest
349,This is sample question 349 evaluating personality.,Strongly Disagree,Agree,Neutral,Disagree,A,Aptitude
350,This is sample question 350 evaluating logic.,Disagree,Strongly Agree,Agree,Neutral,B,Logic
351,This is sample question 351 evaluating interest.,Disagree,Agree,Strongly Disagree,Neutral,D,Personality
352,This is sample question 352 evaluating personality.,Strongly Disagree,Neutral,Disagree,Agree,D,Personality
353,This is sample question 353 evaluating aptitude.,Disagree,Agree,Strongly Disagree,Strongly Agree,B,Personality
354,This is sample question 354 evaluating interest.,Agree,Disagree,Strongly Disagree,Neutral,D,Personality
355,This is sample question 355 evaluating logic.,Strongly Agree,Disagree,Agree,Neutral,D,Personality
356,This is sample question 356 evaluating interest.,Strongly Disagree,Neutral,Disagree,Strongly Agree,B,Aptitude
357,This is sample question 357 evaluating interest.,Strongly Agree,Neutral,Agree,Disagree,D,Personality
358,This is sample question 358 evaluating personality.,Disagree,Strongly Agree,Neutral,Strongly Disagree,B,Aptitude
359,This is sample question 359 evaluating aptitude.,Neutral,Agree,Strongly Agree,Disagree,B,Interest
360,This is sample question 360 evaluating aptitude.,Agree,Strongly Disagree,Disagree,Strongly Agree,C,Aptitude
361,This is sample question 361 evaluating personality.,Strongly Agree,Strongly Disagree,Disagree,Agree,D,Aptitude
362,This is sample question 362 evaluating personality.,Strongly Disagree,Strongly Agree,Disagree,Neutral,B,Personality
363,This is sample question 363 evaluating interest.,Agree,Disagree,Neutral,Strongly Agree,A,Aptitude
364,This is sample question 364 evaluating aptitude.,Agree,Strongly Agree,Disagree,Strongly Disagree,B,Personality
365,This is sample question 365 evaluating logic.,Agree,Strongly Agree,Disagree,Neutral,C,Aptitude
366,This is sample question 366 evaluating aptitude.,Agree,Strongly Agree,Strongly Disagree,Neutral,B,Logic
367,This is sample question 367 evaluating personality.,Strongly Agree,Strongly Disagree,Disagree,Neutral,B,Logic
368,This is sample question 368 evaluating personality.,Agree,Strongly Agree,Neutral,Disagree,B,Interest
369,This is sample question 369 evaluating logic.,Disagree,Agree,Strongly Agree,Strongly Disagree,C,Logic
370,This is sample question 370 evaluating aptitude.,Strongly Agree,Disagree,Neutral,Strongly Disagree,C,Interest
371,This is sample question 371 evaluating interest.,Agree,Neutral,Strongly Disagree,Disagree,D,Aptitude
372,This is sample question 372 evaluating logic.,Agree,Disagree,Strongly Disagree,Strongly Agree,A,Interest
373,This is sample question 373 evaluating personality.,Agree,Neutral,Strongly Disagree,Strongly Agree,A,Interest
374,This is sample question 374 evaluating aptitude.,Agree,Strongly Disagree,Disagree,Neutral,B,Aptitude
375,This is sample question 375 evaluating aptitude.,Agree,Disagree,Strongly Disagree,Neutral,A,Personality
376,This is sample question 376 evaluating interest.,Strongly Disagree,Neutral,Disagree,Strongly Agree,C,Interest
377,This is sample question 377 evaluating interest.,Neutral,Agree,Strongly Agree,Strongly Disagree,B,Aptitude
378,This is sample question 378 evaluating personality.,Strongly Agree,Disagree,Neutral,Strongly Disagree,C,Interest
379,This is sample question 379 evaluating interest.,Strongly Disagree,Disagree,Strongly Agree,Agree,B,Interest
380,This is sample question 380 evaluating interest.,Agree,Disagree,Strongly Agree,Strongly Disagree,A,Personality
381,This is sample question 381 evaluating personality.,Strongly Agree,Neutral,Strongly Disagree,Agree,C,Aptitude
382,This is sample question 382 evaluating logic.,Strongly Agree,Neutral,Disagree,Agree,D,Interest
383,This is sample question 383 evaluating aptitude.,Strongly Disagree,Strongly Agree,Neutral,Agree,C,Personality
384,This is sample question 384 evaluating personality.,Agree,Strongly Agree,Neutral,Disagree,B,Aptitude
385,This is sample question 385 evaluating personality.,Disagree,Agree,Strongly Disagree,Strongly Agree,C,Interest
386,This is sample question 386 evaluating interest.,Neutral,Strongly Agree,Disagree,Strongly Disagree,A,Logic
387,This is sample question 387 evaluating interest.,Strongly Disagree,Agree,Strongly Agree,Disagree,C,Personality
388,This is sample question 388 evaluating aptitude.,Neutral,Agree,Strongly Disagree,Disagree,B,Logic
389,This is sample question 389 evaluating aptitude.,Strongly Agree,Disagree,Neutral,Agree,D,Personality
390,This is sample question 390 evaluating logic.,Agree,Disagree,Neutral,Strongly Disagree,C,Personality
391,This is sample question 391 evaluating aptitude.,Strongly Disagree,Agree,Strongly Agree,Disagree,B,Interest
392,This is sample question 392 evaluating logic.,Neutral,Strongly Agree,Disagree,Strongly Disagree,A,Interest
393,This is sample question 393 evaluating personality.,Disagree,Strongly Disagree,Neutral,Agree,D,Interest
394,This is sample question 394 evaluating personality.,Agree,Strongly Agree,Disagree,Neutral,A,Aptitude
395,This is sample question 395 evaluating interest.,Neutral,Strongly Disagree,Disagree,Agree,B,Aptitude
396,This is sample question 396 evaluating personality.,Strongly Disagree,Neutral,Agree,Strongly Agree,B,Logic
397,This is sample question 397 evaluating personality.,Strongly Disagree,Strongly Agree,Disagree,Agree,A,Personality
398,This is sample question 398 evaluating personality.,Agree,Disagree,Strongly Disagree,Neutral,B,Personality
399,This is sample question 399 evaluating logic.,Strongly Agree,Neutral,Strongly Disagree,Agree,D,Logic
400,This is sample question 400 evaluating interest.,Strongly Agree,Neutral,Disagree,Agree,C,Personality
401,This is sample question 401 evaluating aptitude.,Neutral,Strongly Agree,Strongly Disagree,Disagree,B,Logic
402,This is sample question 402 evaluating personality.,Strongly Disagree,Neutral,Agree,Strongly Agree,B,Interest
403,This is sample question 403 evaluating logic.,Neutral,Agree,Disagree,Strongly Disagree,B,Logic
404,This is sample question 404 evaluating personality.,Agree,Disagree,Strongly Disagree,Strongly Agree,D,Aptitude
405,This is sample question 405 evaluating aptitude.,Strongly Agree,Strongly Disagree,Neutral,Agree,A,Logic
406,This is sample question 406 evaluating interest.,Agree,Strongly Disagree,Disagree,Strongly Agree,B,Personality
407,This is sample question 407 evaluating personality.,Strongly Agree,Strongly Disagree,Disagree,Agree,B,Aptitude
408,This is sample question 408 evaluating logic.,Agree,Strongly Agree,Strongly Disagree,Neutral,A,Interest
409,This is sample question 409 evaluating logic.,Disagree,Strongly Agree,Strongly Disagree,Agree,C,Interest
410,This is sample question 410 evaluating personality.,Strongly Agree,Strongly Disagree,Disagree,Agree,B,Logic
411,This is sample question 411 evaluating logic.,Strongly Disagree,Strongly Agree,Neutral,Agree,C,Logic
412,This is sample question 412 evaluating interest.,Disagree,Agree,Strongly Disagree,Neutral,D,Aptitude
413,This is sample question 413 evaluating aptitude.,Agree,Strongly Agree,Neutral,Disagree,D,Logic
414,This is sample question 414 evaluating personality.,Agree,Neutral,Strongly Agree,Disagree,A,Aptitude
415,This is sample question 415 evaluating logic.,Strongly Agree,Strongly Disagree,Disagree,Neutral,A,Logic
416,This is sample question 416 evaluating interest.,Agree,Disagree,Neutral,Strongly Disagree,D,Logic
417,This is sample question 417 evaluating logic.,Strongly Agree,Disagree,Neutral,Agree,D,Personality
418,This is sample question 418 evaluating interest.,Agree,Neutral,Strongly Agree,Disagree,B,Personality
419,This is sample question 419 evaluating aptitude.,Strongly Agree,Disagree,Agree,Strongly Disagree,B,Aptitude
420,This is sample question 420 evaluating logic.,Strongly Agree,Disagree,Agree,Strongly Disagree,A,Logic
421,This is sample question 421 evaluating personality.,Agree,Neutral,Disagree,Strongly Agree,D,Aptitude
422,This is sample question 422 evaluating personality.,Strongly Agree,Agree,Strongly Disagree,Disagree,D,Personality
423,This is sample question 423 evaluating aptitude.,Neutral,Agree,Strongly Agree,Strongly Disagree,A,Logic
424,This is sample question 424 evaluating logic.,Neutral,Strongly Disagree,Disagree,Strongly Agree,D,Logic
425,This is sample question 425 evaluating aptitude.,Strongly Agree,Agree,Disagree,Neutral,C,Interest
426,This is sample question 426 evaluating interest.,Disagree,Strongly Agree,Agree,Neutral,A,Logic
427,This is sample question 427 evaluating aptitude.,Strongly Agree,Disagree,Strongly Disagree,Neutral,B,Personality
428,This is sample question 428 evaluating interest.,Strongly Agree,Strongly Disagree,Neutral,Disagree,D,Personality
429,This is sample question 429 evaluating interest.,Strongly Disagree,Neutral,Disagree,Strongly Agree,D,Aptitude
430,This is sample question 430 evaluating aptitude.,Neutral,Agree,Strongly Disagree,Disagree,B,Personality
431,This is sample question 431 evaluating interest.,Disagree,Agree,Neutral,Strongly Agree,B,Personality
432,This is sample question 432 evaluating personality.,Neutral,Disagree,Strongly Disagree,Strongly Agree,B,Aptitude
433,This is sample question 433 evaluating interest.,Disagree,Strongly Disagree,Strongly Agree,Neutral,B,Logic
434,This is sample question 434 evaluating interest.,Strongly Agree,Agree,Disagree,Neutral,C,Logic
435,This is sample question 435 evaluating personality.,Strongly Disagree,Neutral,Disagree,Agree,D,Aptitude
436,This is sample question 436 evaluating aptitude.,Strongly Disagree,Agree,Strongly Agree,Disagree,A,Logic
437,This is sample question 437 evaluating interest.,Neutral,Disagree,Strongly Disagree,Agree,C,Logic
438,This is sample question 438 evaluating personality.,Agree,Neutral,Disagree,Strongly Agree,C,Interest
439,This is sample question 439 evaluating personality.,Agree,Neutral,Disagree,Strongly Disagree,B,Personality
440,This is sample question 440 evaluating interest.,Strongly Agree,Agree,Neutral,Disagree,A,Personality
441,This is sample question 441 evaluating logic.,Agree,Strongly Agree,Neutral,Strongly Disagree,B,Interest
442,This is sample question 442 evaluating logic.,Strongly Agree,Agree,Disagree,Neutral,C,Logic
443,This is sample question 443 evaluating interest.,Disagree,Neutral,Agree,Strongly Disagree,D,Logic
444,This is sample question 444 evaluating aptitude.,Neutral,Strongly Disagree,Agree,Disagree,D,Personality
445,This is sample question 445 evaluating personality.,Strongly Agree,Disagree,Strongly Disagree,Agree,A,Aptitude
446,This is sample question 446 evaluating aptitude.,Strongly Disagree,Neutral,Strongly Agree,Agree,D,Aptitude
447,This is sample question 447 evaluating logic.,Neutral,Disagree,Strongly Disagree,Strongly Agree,B,Logic
448,This is sample question 448 evaluating personality.,Disagree,Agree,Strongly Agree,Strongly Disagree,B,Logic
449,This is sample question 449 evaluating interest.,Disagree,Strongly Agree,Agree,Neutral,A,Logic
450,This is sample question 450 evaluating logic.,Disagree,Strongly Disagree,Neutral,Strongly Agree,C,Interest
451,This is sample question 451 evaluating personality.,Agree,Neutral,Disagree,Strongly Disagree,C,Personality
452,This is sample question 452 evaluating logic.,Strongly Agree,Strongly Disagree,Disagree,Neutral,B,Personality
453,This is sample question 453 evaluating aptitude.,Strongly Agree,Strongly Disagree,Neutral,Disagree,D,Interest
454,This is sample question 454 evaluating personality.,Strongly Disagree,Strongly Agree,Neutral,Agree,C,Logic
455,This is sample question 455 evaluating personality.,Strongly Disagree,Neutral,Strongly Agree,Agree,A,Interest
456,This is sample question 456 evaluating aptitude.,Disagree,Neutral,Strongly Disagree,Agree,B,Interest
457,This is sample question 457 evaluating interest.,Strongly Agree,Agree,Strongly Disagree,Disagree,D,Personality
458,This is sample question 458 evaluating interest.,Strongly Agree,Strongly Disagree,Disagree,Agree,C,Personality
459,This is sample question 459 evaluating aptitude.,Agree,Disagree,Strongly Disagree,Neutral,C,Aptitude
460,This is sample question 460 evaluating personality.,Agree,Neutral,Strongly Agree,Strongly Disagree,C,Interest
461,This is sample question 461 evaluating personality.,Strongly Agree,Neutral,Agree,Strongly Disagree,D,Aptitude
462,This is sample question 462 evaluating logic.,Disagree,Strongly Agree,Neutral,Agree,A,Personality
463,This is sample question 463 evaluating aptitude.,Strongly Agree,Disagree,Strongly Disagree,Neutral,A,Personality
464,This is sample question 464 evaluating logic.,Strongly Disagree,Agree,Disagree,Neutral,A,Logic
465,This is sample question 465 evaluating logic.,Strongly Agree,Neutral,Strongly Disagree,Agree,B,Logic
466,This is sample question 466 evaluating aptitude.,Agree,Neutral,Strongly Agree,Disagree,D,Interest
467,This is sample question 467 evaluating logic.,Strongly Disagree,Disagree,Neutral,Agree,C,Interest
468,This is sample question 468 evaluating logic.,Neutral,Strongly Agree,Agree,Disagree,C,Aptitude
469,This is sample question 469 evaluating personality.,Strongly Disagree,Agree,Neutral,Disagree,D,Aptitude
470,This is sample question 470 evaluating personality.,Strongly Agree,Neutral,Strongly Disagree,Agree,B,Aptitude
471,This is sample question 471 evaluating logic.,Strongly Agree,Agree,Disagree,Strongly Disagree,A,Logic
472,This is sample question 472 evaluating logic.,Agree,Strongly Agree,Neutral,Strongly Disagree,A,Interest
473,This is sample question 473 evaluating personality.,Disagree,Strongly Disagree,Strongly Agree,Neutral,C,Interest
474,This is sample question 474 evaluating interest.,Neutral,Strongly Agree,Agree,Strongly Disagree,C,Logic
475,This is sample question 475 evaluating aptitude.,Strongly Agree,Neutral,Disagree,Strongly Disagree,A,Logic
476,This is sample question 476 evaluating logic.,Strongly Disagree,Agree,Strongly Agree,Neutral,B,Personality
477,This is sample question 477 evaluating interest.,Neutral,Agree,Strongly Agree,Strongly Disagree,A,Interest
478,This is sample question 478 evaluating personality.,Agree,Strongly Agree,Disagree,Neutral,A,Interest
479,This is sample question 479 evaluating aptitude.,Neutral,Strongly Disagree,Agree,Strongly Agree,D,Aptitude
480,This is sample question 480 evaluating logic.,Strongly Agree,Neutral,Disagree,Agree,C,Aptitude
481,This is sample question 481 evaluating interest.,Strongly Agree,Neutral,Disagree,Agree,B,Personality
482,This is sample question 482 evaluating personality.,Agree,Strongly Agree,Disagree,Neutral,D,Aptitude
483,This is sample question 483 evaluating interest.,Disagree,Neutral,Strongly Agree,Strongly Disagree,B,Personality
484,This is sample question 484 evaluating aptitude.,Agree,Strongly Disagree,Strongly Agree,Neutral,A,Interest
485,This is sample question 485 evaluating logic.,Strongly Disagree,Strongly Agree,Agree,Neutral,C,Personality
486,This is sample question 486 evaluating personality.,Strongly Agree,Agree,Strongly Disagree,Neutral,D,Interest
487,This is sample question 487 evaluating logic.,Agree,Strongly Agree,Disagree,Strongly Disagree,A,Personality
488,This is sample question 488 evaluating logic.,Strongly Disagree,Agree,Disagree,Neutral,D,Logic
489,This is sample question 489 evaluating aptitude.,Disagree,Agree,Neutral,Strongly Agree,A,Logic
490,This is sample question 490 evaluating logic.,Neutral,Strongly Agree,Strongly Disagree,Disagree,C,Interest
491,This is sample question 491 evaluating logic.,Strongly Disagree,Neutral,Disagree,Agree,A,Personality
492,This is sample question 492 evaluating aptitude.,Strongly Disagree,Neutral,Strongly Agree,Agree,C,Personality
493,This is sample question 493 evaluating logic.,Strongly Agree,Strongly Disagree,Agree,Disagree,B,Interest
494,This is sample question 494 evaluating personality.,Strongly Agree,Strongly Disagree,Disagree,Neutral,A,Personality
495,This is sample question 495 evaluating interest.,Disagree,Neutral,Agree,Strongly Disagree,C,Interest
496,This is sample question 496 evaluating logic.,Agree,Strongly Agree,Disagree,Strongly Disagree,D,Logic
497,This is sample question 497 evaluating personality.,Neutral,Strongly Disagree,Strongly Agree,Disagree,D,Aptitude
498,This is sample question 498 evaluating interest.,Agree,Neutral,Disagree,Strongly Agree,B,Logic
499,This is sample question 499 evaluating logic.,Disagree,Strongly Agree,Agree,Strongly Disagree,D,Interest
500,This is sample question 500 evaluating aptitude.,Strongly Agree,Neutral,Strongly Disagree,Agree,D,Logic
